city,segment_id,query_time,year_entries,query_time,month_entries,week_entries,polyline
"San Francisco, CA",1080099,5/7/20 22:47,4311,5/9/20 1:01,588,374,ekweF|mfjVEd@AtE@f@F`@rBvCTf@
"San Francisco, CA",893621,5/7/20 22:47,4965,5/9/20 1:01,985,688,azveFlnjjVA[a@kEWgE[wDWmESeCAm@KqBk@wHMkCa@aFCw@W}C
"San Francisco, CA",1023928,5/7/20 22:47,4817,5/9/20 1:02,517,337,geweFdnbjVh@cBHMRk@vA{CRSZg@Re@TWTa@`@YJMFQNMHOLKj@_ALc@^q@f@s@f@a@Vi@?GPUHIv@g@b@]LOLQVUHMpAiA\]LIx@q@|@{@VSX[\Ul@g@JO|@y@pBuAr@q@h@q@f@_@
"San Francisco, CA",660527,5/7/20 22:47,3573,5/9/20 1:02,401,231,}nweFpucjV?n@GHALBt@Db@Pv@?\L~AFR@f@FHJf@?t@F`ADV?^IZHP@\DLD`@BlAJ|A?RNPFZGb@Fn@FXHLBPC^?d@B\Pn@GZ@^CN@j@B`@Hh@@bALhA@`@BN?\RzAD`ALr@
"San Francisco, CA",626851,5/7/20 22:47,4917,5/9/20 1:03,889,541,oapeFtypjVQaAO[[[Sa@Iw@WqAW{@YaBQc@Qm@Kq@O_CGmBBsAD_@TkATaADWRk@
"San Francisco, CA",626852,5/7/20 22:48,4751,5/9/20 1:03,1229,805,udpeFjtojVp@iCZmBP{A?q@WwAe@{A_AsAoAyBwAsB_@}@[gCAg@AkAMoD@o@
"San Francisco, CA",917430,5/7/20 22:48,1606,5/9/20 1:04,187,54,}kweFndpjVg@f@E@_@^c@XuAn@oAXoAHGA_DX_@AYFuAHYDaCHoAP}@Bm@FGD}@Dq@HIAAKA@I@EF{@BqBTWA_@GU@k@Ho@@SD}AHyAPyADgALkBFm@JqADyBXoABi@BQDgAJcATi@Dg@AkEJm@DeA@mBN}A@}@DKBsAJkBJm@HM?OKKAMJ[FcBL]@_@HMA_ETa@Fy@By@HgAHkAAcBHUDMAg@Du@J{@BkAHWB_AToAh@@A}@l@aA|@
"San Francisco, CA",1144941,5/7/20 22:48,1721,5/9/20 1:04,141,61,qtueFvw`jV_@`@_At@}@bAaBrAW^WR[Z}ArAyBvA_@ZuDxD_@Xa@Tk@d@eBfBo@f@m@|@ITWb@u@`AuArBq@lAq@dAWh@UVUd@Sf@a@vA_AlCOl@Un@cAlDYl@c@lAcAjDIj@GvCQbB@f@SbCIj@W|DN`CVpE@n@RbCRfEd@hGFl@Jp@H`BZrDLpC@l@l@|HLj@Pf@dBtDVbCDp@?h@En@c@jB}@dCBXCJWVYJWTy@^[VMXAd@Dh@A\EZAhBFv@h@fA\f@f@x@
"San Francisco, CA",1554098,5/7/20 22:49,3757,5/9/20 1:04,459,305,krteFlv_jVVURW^UVSJQXUV[n@}@`@]~@_Br@s@^q@LQRMXYp@{AJOLKLGj@?HILGpAq@~Ac@\Uz@mAJEr@MTY`@W`AOf@?d@Eb@KPA`BHPCrACzARr@BPAR@|@N^Dp@ERBbA?R@NH^?|@B`B?J?|A\RAxAFl@INGx@CTHXDn@An@ZVD
"San Francisco, CA",627848,5/7/20 22:49,3082,5/9/20 1:05,724,547,wspeFjhijVFn@l@jAJzATp@Hb@G~A@`BN\?vABXJd@EpAFfAA`AB\Fj@FZ\`@Hf@MjB?b@ZlA?j@Ab@Hz@P|@X^R`@Ff@@ZAb@SpC@rADnARz@BhCTtA^p@Hf@f@`A
"San Francisco, CA",639640,5/7/20 22:49,2043,5/9/20 1:05,339,251,omweFrmfjV_BRe@AiAM[I}@i@sAgAm@iAOc@Ii@IoAFc@Vi@AQMLMv@Cd@VrAXdA|@tAz@h@ZNfAb@`@FVB|CM
"San Francisco, CA",643629,5/7/20 22:49,3596,5/9/20 1:05,843,619,appeFxfjjVL`@TTRd@ApAFvAHd@N`@RdAFh@?\Db@F`@f@bALh@Dd@KrAMb@?^KvAFpAVtABdCHf@?b@HX`@`@Jr@\t@@^Jh@
"San Francisco, CA",681872,5/7/20 22:49,3871,5/9/20 1:06,1000,752,ukpeFjdjjVEu@Mi@[o@QUo@gAEWAYGm@R{AJ_BK_BY}@Ik@YaA@g@Zy@NWTU
"San Francisco, CA",688273,5/7/20 22:50,2219,5/9/20 1:06,312,180,spseF|{~iVc@NeA?e@B_@LsAr@_@NmDdAyAn@oApAs@~@[Z}BdDoB~BkDlEs@d@q@x@s@r@{@`ASf@W\YVq@\SL{CbCcAn@MPYj@uA`Bk@h@[PON_@j@i@j@kAn@eAr@o@p@sAdAQVq@n@{@j@qBjBsElDkAlAaAv@o@r@
"San Francisco, CA",669413,5/7/20 22:50,2965,5/9/20 1:06,573,358,aeoeFxhpjVs@{DGm@KYIaAMk@Gg@IUKm@]{AWyAc@uA
"San Francisco, CA",859387,5/7/20 22:50,2849,5/9/20 1:07,538,370,copeFffijVJ`@CX@j@Gh@Pf@@PJrA@dAAV_@lC?RHj@?VGz@@RDRHPv@rAPd@LzA^nD@dACrAEd@Ld@Fd@Nd@DRCdA@`ADf@XtBFdA?bAL~A@l@OpBFn@H`@Lf@Td@HTFT?V?d@EVY~@Gn@Af@Hd@
"San Francisco, CA",808703,5/7/20 22:50,3211,5/9/20 1:07,533,388,qgpeFvskjVYq@CWM[U[M]UqCCoAK[Ie@@WEo@LaCLi@?g@Ck@Km@g@{@Oa@CaAKwAWgBAo@VcBMe@W[IW?KGK
"San Francisco, CA",621483,5/7/20 22:50,1113,5/9/20 1:08,81,53,uuteFdi`jVp@x@P\r@n@Td@VZXd@d@b@FR`@^NXB?CGC?EHHFNZRVXXTFb@\HJHBLVj@~@n@n@|@t@\b@x@z@ThADLRZVXFRPZh@\b@`@f@X`@r@HXRV^|@`@l@VTTf@`@f@d@r@LJ
"San Francisco, CA",1166394,5/7/20 22:50,1392,5/9/20 1:08,314,239,iyneFl{~iV[[c@[Y_@_@]o@c@u@u@c@U[_@OGQFUGa@[w@WOISA_@Mw@g@OCq@_@QEo@[{AOg@FOLU`@Od@ONc@VODSAQHQBOHcBRQGg@Ec@Ae@Fi@NWDe@?g@DSA_@NkAZgA^g@DO?u@ZkCv@g@FQAiAD{EXe@@OCe@NuCVKTCh@LvAAV@|AAj@Hl@ATATa@^
"San Francisco, CA",1363622,5/7/20 22:51,1515,5/9/20 1:08,185,100,q~neFb}tjVFMFWHw@Ay@Bq@A]C_@Mk@]mBKcAWaBUeAUyBOcCAa@Bg@EgB@]EeAAqBDk@AoBBMAk@Ds@@wABm@BsA@kAAs@I_@C_@JiBGsBWsBEi@E_ASqA
"San Francisco, CA",652843,5/7/20 22:51,799,5/9/20 1:09,45,15,o|`fFbaxjV\}Bt@yCf@gB`@kBTsAVwBHa@f@cAfAgBTe@Rm@Li@Fg@?o@KY[QYKSUIWi@aDYmAKsAIgC@m@L{BRoA^}Av@kC|@cEj@iA
"San Francisco, CA",1525533,5/7/20 22:51,2282,5/9/20 1:09,318,155,iokeFvivjVYFo@FaBAyAX{@A{@Ci@VQ@gABYCO@s@Rq@?OAc@@s@JSF]@g@JUCyA@o@Fg@JgA@}@VuCHi@H[BiAAs@L_CDmBRg@@e@AkARy@Do@@aABmAVeA?QFaAFm@?e@De@JiBLoADODq@BOAeADeANe@Bw@?U@gAPq@Fw@?oBJS?e@DMAJBV?lBE
"San Francisco, CA",812425,5/7/20 22:51,641,5/9/20 1:10,72,28,ylweFndojVNCd@QjASd@E|@a@j@e@`A_BTQVQl@MPFBDDX_@r@_AbC[r@UTcAd@u@dAUb@GN@`@Ph@H`@@NERiAzAk@jAOf@c@pCApAWZe@RMRELEl@D\j@fA
"San Francisco, CA",791001,5/7/20 22:52,1394,5/9/20 1:10,200,93,igqeFjcwjV{@tA_@`@iA`A}@vAYR[L{@R[J
"San Francisco, CA",2021879,5/7/20 22:52,2025,5/9/20 1:10,233,131,qljeFbevjVWASGO@c@R_@Aa@BDGe@BYEoAPa@G{Ab@c@?[FW?m@NYBIDHAWEg@BUAQEU?YDg@No@Ba@HYAw@HcA@UCo@Dg@EW@EBEGKEYFw@Vg@Hq@By@NiBJ[J[F{@DqA@UHc@F}AFWFc@E{@?QFYTg@Ci@Ni@EYBUHY?GB
"San Francisco, CA",792657,5/7/20 22:52,1840,5/9/20 1:11,201,101,{fieF`avjVO?IE]Iu@Js@Te@?uCT_@AYBe@Ho@@aBP_AB{@LaBDwBVyFRy@JuAHY?]@y@PmBTy@@_AHyABk@J]@oB@sATuCT[Ba@Cc@@aBP}BHmAN{A@mCX{@Bw@J}BHgDZiABy@JyAFq@LaCJ}ARa@?_CR}@Ds@AwBRmAFq@Jc@?QBeA@eBRe@Aa@BsARcAD[DWF_AF[@WD_AB{@HcCDmAT_BHa@H}BBa@Ac@Fw@Fi@AYN
"San Francisco, CA",792641,5/7/20 22:52,1517,5/9/20 1:11,145,69,ewneFnwvjVLChAAvAOnAG|AOdAEN@dD_@n@Dn@I|BMZIpAMnAEx@G~@EZ@~BYhAEfBS|AGrAOdAG~AWnAA`@ET@NCZAXIxAEdAIhAEb@I`AIfBI^GpAKpAGj@Ft@MvAE\EfAS`AAd@C|AS`BEb@EfAS`AAz@E`@G|ACnBW`@AhA?dAK`BI|@M`@C~A@`AMnAGxAO|AI~AQbAEvBUtAAz@M~AKvCY|AEdAGVE~@GX@TEb@Un@K\DNJL@
"San Francisco, CA",1023921,5/7/20 22:52,754,5/9/20 1:11,54,43,qqueF~q`jVI]oB{D_BoDQWMc@CACDBFhAxB~@vBd@z@fA~B
"San Francisco, CA",783159,5/7/20 22:53,643,5/9/20 1:12,125,98,wrveFvyejV~@At@Mb@Ob@?bAWd@GZI\Dd@?ZGb@El@KPK^MXOVI^Br@Ad@GRDLC^KPAh@Qn@G`@BhAMn@WPA
"San Francisco, CA",1558554,5/7/20 22:54,558,5/9/20 1:12,69,39,w`|eFzfwhVSYYQMQUgAm@mA]e@Sg@@g@NsA?c@NaAl@iCTsAf@}BBw@
"San Francisco, CA",1001691,5/7/20 22:57,1001,5/9/20 1:13,194,157,qspeFlgijVJfAVp@Dx@Pp@FZFlA?r@EhBLvA?n@Lz@JbBFh@FjAAJDf@@K@@ACD@C??|@BTHPTVFTAjAEl@HbALz@@\Ah@Dr@Jz@JVDDTb@Jp@?ZGf@B`AGxAJ|@An@V`BFtBFv@?XHR^h@HRF`@Vr@HBDC\eAHg@?_@Ca@c@gAU_ACWBk@Hm@Do@Go@Mw@Bs@CgAY_AC]U_A?o@Bo@?UCO?aAMiAQm@Ca@BgACYA}@G]Gw@@SU}@E]@YEc@EOYe@g@gBCM?]Bg@F_@G{@LwADeA@sAEm@[iA@QCM?e@Be@C]?CDC
"San Francisco, CA",917439,5/7/20 22:58,1577,5/9/20 1:13,181,52,ac|eFd_qjVbAcAlAw@d@Sn@QxAYlF[bAMlBIV?d@CfACpAMh@AtDYvAIlACFMHCZFrCSxCQrDWvAErAK|COX?r@GL@~AMdDKzAMVAn@IL?t@K|AO|DWjACf@GrCSrG]VCHOFAJBJFN?jBIxDYx@CJFPExAK|BG~BWz@ELEL?~@IhAWjAi@|@q@h@i@
"San Francisco, CA",829079,5/7/20 23:00,699,5/9/20 1:13,41,17,wk_fFvv}jVUo@s@m@O]G_ABq@Fg@ZwAL_AK_DFe@TeAFeAAc@Dw@?s@MiAQw@]kAe@_AkA_BM[m@g@gAkAo@_@e@M[C}AJcAAMBqAd@c@XeAVq@X_@NcAp@w@ZYHy@Nu@A_@Gc@Kw@Y]I_@A{@?YEg@OcCm@sASa@Sc@c@}AeCgA{@sAo@SO[KcBeAiBgCIQKA
"San Francisco, CA",817193,5/7/20 23:00,636,5/9/20 1:14,124,83,u~efF~nxjVgAfBaAnA[h@c@j@eA`By@`AsAxBmDdE_@h@K^i@v@c@j@m@j@UZ{BxAkCf@sAP]@{ALm@La@Be@F}AJu@HoB\aAByC\]BcANcCNs@BgAHeAVyGb@g@HqBPYFIDEH
"Washington, DC",9684019,5/7/20 23:09,765,5/9/20 1:14,52,20,aqqlFr`suMe@T_@X}@`AUb@kBnC_@^eAt@_Av@c@LiAf@cAp@c@PkCxAsChA_@ZsC~AyBj@sBZgA\e@Ve@NcAl@aAr@e@V_@Zw@dA]ZcCjB_@^mAj@e@LkBv@gAl@a@VA[Xe@`@_@hBcA@a@
"Washington, DC",8165986,5/7/20 23:12,891,5/9/20 1:14,108,44,yxglF|tduMd@g@b@y@d@[fAcB|A}@n@q@Zm@b@UTUr@[\Wb@i@\[z@a@h@e@p@a@VULQNOJCl@[n@k@nAw@`CiAbA[xAgAv@[n@S`Bw@lBcAZIXMvAw@z@Y`@S`AWjAe@t@i@^QVOlBq@jBy@rAw@~@]HMj@WXI
"Washington, DC",7939135,5/7/20 23:13,542,5/9/20 1:15,90,53,o~jlFtddvMKkE]mEA{CYiECgB@q@M{CGyFAoEBS@o@
"Washington, DC",3817843,5/7/20 23:18,562,5/9/20 1:15,98,65,aeklFnbjvMa@tB_@`CQ~AMp@OrAU~@]hBIp@i@fCUzA_@jBQdBMr@YjAQ|Aa@vBQp@s@nEQx@Ir@]pB]vAUtA?P
"New York, NY",1436278,5/7/20 23:22,15647,5/9/20 1:18,1527,947,k`~wFvylbMt@tAR`@L`@Tf@l@p@`@Tf@Lf@D\@ZDd@Cb@FjAnAp@`Ax@dDRd@NTTj@hAhBZ`@XL`Ap@lAf@`@Hh@@z@I`AU|@[f@AZI^Cj@P
"New York, NY",2498883,5/7/20 23:22,14659,5/9/20 1:19,1255,745,cr~wFfclbM_@x@BTLN`@ZHRNlBNp@v@dBHPPJRTRt@~@n@^RjA^v@f@f@JbAf@Z\\Td@`Al@~APL\d@`@Tf@Ph@DR?v@Kb@A`@RLLp@p@Th@Pp@JVNPPl@XzAHRLLl@|Aj@z@`@b@JRNLPLd@NPNrA`@RBbC[VId@YR@hAYb@ANE^Aj@Jh@f@v@f@
"New York, NY",693553,5/7/20 23:22,12911,5/9/20 1:19,1045,586,yk_xFfekbM[PUd@{@`A{@rA_@vAYfCGvAYnAEv@@j@Rf@Vb@PR^X\Ld@?b@OZ_@Na@Jk@Bq@La@Zg@`@Y^MfAE`@If@Ud@M^Gh@?
"New York, NY",5394391,5/7/20 23:23,13121,5/9/20 1:19,1104,632,wr_xFprkbMEf@CdBQv@CVAXB`@FXJR^d@f@XVHDFPBRCTGVQ`@{@DYBe@Pi@BS\u@FGb@KJ?RFT?
"New York, NY",1954079,5/7/20 23:23,15371,5/9/20 1:20,1569,999,{qywFrkobMi@[g@MQKo@]]Y_@g@Yu@c@e@IOWcACm@?YT}AVeARqAB{@Ga@GYcAgBs@Uy@_@g@m@SMKWOOWe@QSSm@Mm@GKOk@Yc@e@S}@WOIm@Q
"New York, NY",3082383,5/7/20 23:23,8720,5/9/20 1:20,1132,799,gk}wFxxkbMOG_@E[@oATYNg@b@SFMNQd@AXHX^PZ~@Rz@Fr@Eh@EPANFZ?ZCXSr@KTMLOD_@?VfAJnAHXf@p@Vd@p@r@Th@?VEX?TIl@AVAlA?XLt@@v@
"New York, NY",7107167,5/7/20 23:23,14298,5/9/20 1:20,1153,675,ss~wFhdlbM`@h@Pd@d@jB\`BL\\|@j@z@TTnA`ApAr@jBr@rAx@h@h@RZj@dBV^\\`@Xn@Nd@BhBGf@Lv@j@NRTf@n@dCb@nBVd@b@l@x@bAl@n@d@Xz@`@v@Vx@Jd@Bj@EZGv@UpB_@t@A~@Pt@^`@VtAnAfAdBt@~AZf@XZZT
"New York, NY",1673624,5/7/20 23:23,7857,5/9/20 1:21,877,616,mu|wFrdlbM]Oq@g@e@WuByA_@[]QoA{@a@Ue@Mc@?yAFiAEg@Oa@EuAa@Y?_@L[ZSf@E^@x@Lh@Rd@Ll@Hn@Bl@C`BEd@[`BKXIZAl@HhAL`@Rh@XVX^Xp@Jl@?z@CjAHlCAt@K~ABv@Ht@Px@Td@x@`A^T^Ld@HlAHnB^rBP~@Pr@HLAD@@@@CEG
"New York, NY",1132865,5/7/20 23:23,11627,5/9/20 1:21,1207,759,kozwFzpobMrBn@n@Xz@n@~@dAv@rARd@b@r@jBhClAfAvAfAz@`@^Ll@HVIdAo@TUl@{@bAeBpA{C`@kAViAFs@@}@Kc@Sc@_@i@sCuAoAk@]QoA}@yAaB]o@Oi@
"New York, NY",2633662,5/7/20 23:24,7695,5/9/20 1:21,846,592,mv|wFzclbM{BaBsE{Ce@YWIWCsBBoAG}@OgA_@OC_@B]PY\WbACf@Fp@Z~@Lj@H`C?r@Iz@Mp@Sl@G`@Ad@Bn@Lj@Vh@v@fATj@Hd@@r@CdBFbB@t@QrDDf@\rAr@dA\Xd@Xb@NlG`A`DVVE
"New York, NY",8473218,5/7/20 23:24,17213,5/9/20 1:22,1647,1033,en{wFjrmbMs@_@y@o@c@i@_@k@}@gAk@g@a@[e@SsBy@c@Wc@Yk@e@MQ[a@Kc@k@qAa@kCCm@N{@TgCCk@EYUq@[g@iBmAy@]iCiBkAm@a@_@_Ao@
"New York, NY",15038453,5/7/20 23:24,15229,5/9/20 1:22,1376,830,s}zwFj`obMVD^Nd@ZZZ^x@Fx@Lv@Tb@^d@dBhAnCnA
"New York, NY",6401050,5/7/20 23:24,1865,5/9/20 1:23,320,159,qmswFj}jbMo@BsANc@Ac@EyAU[MmFkAaEeA
"New York, NY",2394714,5/7/20 23:24,1816,5/9/20 1:23,304,147,kcswF~{jbMiA@kCLQB}ANcAPs@Dc@@o@Cc@GoFyAiAOw@MuDaA{@O}Cw@}Ai@M@WFET
"New York, NY",8538199,5/7/20 23:24,16071,5/9/20 1:23,1405,843,_k}wFlrmbMv@z@bAt@pAh@j@FlACb@I~@_@|@W`AS\El@B\Lz@j@b@`@hBjBp@bA`@`AVf@v@z@TPt@RT?`BIh@@d@B`BbAj@l@vAlCpAjBpAtAjBtBXd@Tj@h@fARXRb@v@fA`@^XPl@RvAFf@If@AbAKjAI`ADAC
"New York, NY",2528671,5/7/20 23:25,15134,5/9/20 1:24,1316,762,qxywFdvnbMOk@cA{BSSk@a@iAc@m@i@[a@U_@Mc@_A{Bk@s@]Wc@SiBw@m@GW?]DYPg@^y@Ly@GYGWQsAkAc@m@Sc@S_@gAeCc@Se@Es@F_@?y@Y_@QgCg@]Ka@OqBeAy@m@_CsCu@u@aAo@aAg@u@[qBwAg@s@Q]a@eAQu@
"New York, NY",12307026,5/7/20 23:25,16593,5/9/20 1:24,1794,1139,mk~wFrslbMlAr@hAf@jAb@
"New York, NY",8215842,5/7/20 23:25,14293,5/9/20 1:24,1205,720,k}{wFngnbMv@|Aj@|@Rd@HJHDJZd@t@V\h@`@BD|A`BjDtGXVn@`@j@LjAA`AOhBM^@VCTDv@@XRjApAZXLF@D?fAHf@Zv@n@f@vBvAbA`@n@^XJp@Jv@RRNRDXLr@j@n@n@b@f@zApC|CxDv@t@n@h@XPXJXDDD
"New York, NY",8456942,5/7/20 23:27,2100,5/9/20 1:26,248,108,iovwFziibMgAtDMZKNa@`Bi@~AG\e@rAGb@MT[`AYj@AHQb@E\e@fAYb@CR_@nAKTKb@a@pAa@zAEXg@nAQ\IVg@x@e@nAEZ[`ACR]pA[l@Qv@k@fBALYz@CNMNWr@U\CNUl@]xAWd@Sl@Kh@YRQ`@ALKb@ILQx@]p@?RIJCLKFKRCz@a@f@]rBE|ACXBVMj@Qb@o@x@OV
"New York, NY",6311299,5/7/20 23:27,10928,5/9/20 1:26,611,324,}`~wF|pkbM][a@q@mAwASQYO]K{@?_AL_AEy@Ms@Q}@O[Im@YUOw@gBc@oAWa@USKCg@BOHQRIb@Ej@Bh@Jh@f@~@Rh@Dj@Gh@IZO\WNU?WG]Q[Su@y@gA_A[Q[Ms@e@WKs@Qq@CYHo@f@i@j@u@zAe@jAWvAMlBGh@Ad@GdAOd@Bh@F\LZRVVTr@RX@TAd@a@N[J[?[N}@Pm@^e@d@U\Gz@@ZGtAi@v@EZ@XFTLTPt@~@`@|@f@dBXtAXz@TXVPdBn@ZZXb@JTH\ZpBT`An@|At@fAtAv@d@LRTTDXD`B~@t@ZXT~@tAz@~Bj@t@l@Vj@DZ?VCR?r@Gd@Jb@VPPf@j@Rn@D`@TdANZZfAPv@JVP\bBlBt@j@VJv@Rv@N`@Lb@?zEeAz@Ml@Aj@b@j@ZvCjC`@b@`@x@Tt@Xh@h@l@`@Pr@Hd@EVDt@EbA?b@Fl@d@b@^\d@zAzCh@|@l@p@\XNVf@p@l@f@p@t@\b@^z@
"New York, NY",757737,5/7/20 23:27,6426,5/9/20 1:26,165,72,guywFniobMCVOKa@c@Uc@]c@Uc@a@{@EiAFwBb@mAHs@Ai@_@_BS_@g@o@SQQIG@OKw@o@k@]Y]Ca@KWU_@G]Ug@KOaCaBcAa@_@GM?a@DyA\mAWq@EMK[OICOI}@w@_@c@Q_@K]Gk@IYSYe@_@SE_ACe@Ii@Yi@Uk@[qAUeA_@o@G}@o@WGKGYYMEg@_@a@a@kA{@OO[c@UU{@kAw@_@u@g@iBy@k@e@W[aAwBWYMWKgAS_ALu@EoAOk@Im@w@cB[a@wAmA_@OYQa@Oc@Ya@OMMq@}@YQaBaB]M_Ai@OSkAu@a@a@k@[gAw@[Qa@Oa@AQGW?SE{@Hm@AcA_@c@Ea@Ss@OOAaAZOZULSR]n@?TGX?f@Mg@OgAISOKOEu@KI?g@HUCa@[e@U[_@Ug@gBwA_@UQc@MSIWa@c@W_@]W_@Mu@PcBI_@K_@Sg@QYBe@V]GQIQEeB_AGKKW_@k@o@u@CGLi@ASQq@SW[Mm@@OLU\EV?^BLZn@RR\h@HRHv@?PMp@]\[Hc@A_@E_Ae@USKEaDq@AEqAKGH?BMJiATgA~@[t@a@f@Kj@e@~@Ih@AjAEX?THd@ATBNHXb@x@d@b@`@RV?RADENY^e@BgBLSRq@HEb@KZMbA?TAp@q@LAV?t@RpANZLJFP\z@|BR|@j@rAl@n@TLz@`@NLv@pAFj@?PLXRp@Jd@Tn@Vl@p@|@T\HTRFPTZT`@b@RHXTHDPAVLLHp@TZXbBt@\`@NVVR?Dv@j@Hf@FLxAfAVDJ?RGVLv@Nj@T`@Th@h@\tA@`@VhALb@T\r@Rz@bAXVxAbAPHp@h@rA`@r@BF?NKh@Ed@@`Bc@NATBf@`@NDT@XH^BTNVh@rAh@b@l@Xl@d@t@HZLZ~@bALH^L|AD|@Ax@Fr@NJLNFxAbAPVXhA^f@\TjAjA\Xj@`@XLXNPb@nA~Bd@dATb@NR`A|BZXTPz@Vr@Hv@Gz@ST@XE`@BfAC`@LPJh@GRDNVf@f@FLHHRZL^@dAJh@\r@LPR@\b@`@Xr@X`@TV@ZJf@?XDXNf@L|@b@RNj@TJR^Ld@b@b@bAjAbBj@d@F@TNPx@j@dAXVn@^@JMPd@~@PL
"New York, NY",14524270,5/7/20 23:28,5461,5/9/20 1:27,453,284,s`zwFv{obMOYg@o@cAeBMQiAw@_@_@_@K]Sg@Q
"New York, NY",1784533,5/7/20 23:28,10403,5/9/20 1:27,981,600,ywzwFdhobMTh@Xf@xAdA`DtAxCt@~@l@x@t@z@dAdAdBnBnCTVdBdBZXVP`Ab@^Hd@Er@]TS\_@l@aA`AoBj@uA\uATuA@_@?e@Kg@Q]c@k@SMc@OWMuAa@gA{@w@[YU]YcAoAS[Q]KYO{A?s@Hm@p@kBJg@Dm@Ec@I]g@yA[k@q@c@kBy@UOw@sAa@_A_@kA[e@W][UqAg@
"New York, NY",1806712,5/7/20 23:28,4338,5/9/20 1:28,305,195,wtywF~epbMOIM?c@Kg@WWUUKOMa@]s@{@Ug@KOiAkA}@oAGQ]YYo@]Ym@{@u@g@y@g@}@_@m@QOOMGq@SSQQKc@Ku@i@u@Wy@i@SI
"New York, NY",1782819,5/7/20 23:28,5966,5/9/20 1:28,813,501,c}twFvxubM`@NlATd@Df@AJHJBbAJp@BtAZ`BJhBTf@APBl@P`@Hb@BPDdAdAb@TNDN?NBl@Z^L^Xf@HzAFl@FDL
"New York, NY",1249276,5/7/20 23:29,7470,5/9/20 1:29,233,107,kxywF~snbMCIc@_A_@k@_As@w@Yi@a@i@c@W_@K[g@}@[}@IO{@y@cCgAYQy@Yi@AiAl@m@PaAAa@EKCs@a@iA}@e@y@]oAWk@MQWU_AWWA}@JKCwBw@{AY]Qa@MkB{@c@WEIw@{@mA_Bk@m@{@m@_Ai@qBcA}AeA[Y]i@Qi@Kk@UwBAqB@QRcB@a@Gu@M]OWQUeBmAg@c@o@_@cAy@cAq@g@k@e@]m@_@eAw@OIYW[SSSqAw@mA_Ay@]qBiAWIQCq@Mi@HM?[Ea@I{Aq@gAQu@BoAn@YFiANk@AyAi@WW_@MWOo@k@UKgAyAc@a@eAkAc@o@YWc@SeBCMBiA@s@Ii@CcAIe@GYGa@Ys@aAUi@Mo@EKOOWMUGc@Fc@RKFKVAT@JRbAVv@B^Gv@ILKFQ?_@CUGo@[k@SyAkAw@e@gBo@a@Is@HIBuA`Ac@d@q@hAOd@Oz@Ol@SbBEnAKl@Uz@C^LZ@VFR`@n@Z\RH\Fv@Gp@WXWJSBo@DQb@o@XM^DTAdA[l@Wb@IRBj@LTHHFbAx@|@|@R`@J`@Jb@L~@LXHZXf@VNnB|@n@v@FNHb@ThBR|@Rn@Td@j@r@fA|@lAt@ZVb@TlCbA\Vf@f@n@hA^fATh@HJ|@l@h@Lf@DjBCz@VVN`@j@T`@Lh@Jz@Rh@F\LZPh@HNRf@NZd@b@x@`A^\nAz@ZNVHh@HZBX?f@Ed@I`AKRGBI^Sv@Qd@Dv@Ll@Vj@b@VLh@\^`@b@n@b@v@BLLVRZLJ\h@h@l@l@VXHhADf@AHBx@@RDf@Tf@d@JF|@bAr@hA\b@Xd@JH^b@Xp@dAv@h@t@^\VZp@fADNNV\dATRp@lAPLJHXFLLrAd@bCHt@AvBOr@HRD\Nl@b@Z`@J`@@p@N|@FLRNJRf@f@TZ`Aj@h@f@^HdA^VP\FrA`@f@RXLrAnAb@j@bAnBl@p@DNb@p@l@l@~@pAbAz@`@Vt@PHFp@V
"New York, NY",8541320,5/7/20 23:29,996,5/9/20 1:29,149,75,cdrwFhujbMa@Dg@NsARkA@YFiAIg@Bc@Pc@Kc@?yAj@i@NmAFoBd@e@Pe@Re@Fe@Ci@B
"New York, NY",1806793,5/7/20 23:29,3573,5/9/20 1:29,300,186,kt}wFjxkbMZIHMNIf@UnA]^?h@Jl@BXC^?x@K`@BPDj@TlBbAXVl@ZzA~@\ZTXZN\Xj@\jBzAxAl@ZZ|A~@L@tBjBNBXT^N\Tx@hAN^Fb@Eb@Cf@MZOxA?VFR?RAj@Jp@h@|ALh@\x@X\t@^f@d@TNb@Nb@DNF~@x@v@l@^^z@dBTNd@x@d@^NHRB
"New York, NY",1046255,5/7/20 23:30,5071,5/9/20 1:30,655,382,wexwFvotbMlAv@jBfAf@XTFn@h@~At@`EpC
"New York, NY",5025317,5/7/20 23:30,5298,5/9/20 1:30,704,416,ajvwF`wubMaBc@qEuAiEiA}BqA{B}A
"New York, NY",1782874,5/7/20 23:30,6609,5/9/20 1:30,1021,660,espwFrnvbMYKOA]D]A_@C_Cs@u@HOC
"New York, NY",2510610,5/7/20 23:31,5169,5/9/20 1:31,689,404,_lwwFfbubMWUiAo@UU[U]OkAu@[OcAw@aBgAWIWSWOQC[]]KWOY]
"New York, NY",18492316,5/7/20 23:31,5251,5/9/20 1:31,653,414,odowFpowbM}Dc@c@KmAOi@AoAQ
"New York, NY",852256,5/7/20 23:31,4353,5/9/20 1:31,489,354,gx|wFnqmbM\e@d@u@HSRu@j@}ADUVcAHs@Lg@r@}Ab@m@~@y@dBi@p@_@d@aARYRyA@WHs@?UGa@Wk@_@k@Y_@a@a@gAo@kA{@m@[YYg@]a@Q_As@gCyAiA_A[Mm@c@m@]g@a@o@]a@OIA[?q@HiAAe@CiAUaA_@q@Ag@NSPS`@Kf@Ah@BVj@pBJj@Fn@?rAI~@o@pCC`@@`@Ft@Lj@Td@z@dATj@F^@XGjCFp@@jAK`B?j@HtANv@f@dAV`@b@Zv@\|@JdAVvCd@vBPX?RCTA`@_@
"New York, NY",1370760,5/7/20 23:31,2745,5/9/20 1:32,227,118,__ywF~ynbMOOu@]a@S[Iq@HSH{Az@{@PMPW@_@AQHW@m@GYBe@IWAo@SeAQy@i@q@m@Ie@ASMe@k@qA]a@QKMMc@WSEKEQAQGSMa@e@
"New York, NY",4538766,5/7/20 23:31,5111,5/9/20 1:32,601,357,myowFruvbMc@UWIkDi@W?[IUAe@]E]yAe@YQuAW{@I_ACYGq@@_@ESDUb@WFaAIc@MuAOu@Qc@Cs@Qa@EUEeBEu@Mc@?eAS{ASyAGu@Ac@Em@A_COOD
"New York, NY",2145199,5/7/20 23:31,2253,5/9/20 1:32,275,119,eevwFnohbM@I@HYz@SvAQXWhAo@lBYb@?DS`@If@OZK`@_@dA_@|@K^MXUr@OZCNc@nA[lAcA`CIXMVGBSl@EPEDSlAw@jCSbA]v@St@KTCRUl@g@bAELAVOTCVMNSz@Q`@Up@G^[b@Uf@ADIL
"New York, NY",10764125,5/7/20 23:32,6634,5/9/20 1:33,907,583,gdrwFnivbMOCQGAG{BEYIi@Go@BSQGAWOUC
"New York, NY",1927877,5/7/20 23:32,2277,5/9/20 1:33,157,84,wt~wFndlbMGI{@_@c@[_@i@I]WeCKk@Qe@a@cAYWU[c@U_@GoAHcBn@QD_ACc@Dc@Pa@^Q\I|AKn@Yb@]Rg@Lg@K]W_@g@Qe@Ek@?m@LcAAi@Bu@EaBHu@Lg@Ti@~@kBXa@^a@XU\Sh@Gd@F^F|@Xb@V\VZLXRZp@hBhB`@BVELELKNYLi@Di@Ai@o@}ASsAC[Be@HYVUXCb@JTTL^Pp@Tn@\j@Z`@b@^
"New York, NY",14728700,5/7/20 23:33,797,5/9/20 1:34,138,78,{amwFv|qbMB`AE`@GPc@n@IZSl@?XJXPNRF~@JJHZl@j@l@FL@PE^Qp@Gp@Sh@WX_@RUDa@CEBCF?XLbA?bBF\Hd@Xh@H^NRL@RCPINWLc@
"New York, NY",13476452,5/7/20 23:33,663,5/9/20 1:34,93,58,{kkwFhqqbMGDKRKh@?TMZD|AYdBCh@Ff@
"New York, NY",11449434,5/7/20 23:34,2187,5/9/20 1:34,263,120,igvwFpwhbMOn@GvAOn@k@rAWj@Yd@m@pA]^Qj@gA|D_@zAQf@c@|Aa@`@Sb@m@|Aw@bCaA`E
"New York, NY",10727436,5/7/20 23:34,761,5/9/20 1:35,105,61,s~lwFrirbMEWk@o@Wc@a@Ig@AMGIGCM?UF]\_Ah@{@DO?SEe@a@wBEI[EKSGFGLGDIIEOEgBHoAGc@DKb@g@
"New York, NY",10703307,5/7/20 23:34,1429,5/9/20 1:35,233,131,_{kwFlhpbM?QEcA?aACg@AgAHyA?s@Co@JcA@cANo@Ba@CWOw@Cq@Gg@FcAE]TwADcAAYMc@Do@H[Bg@AKQa@Ns@@YLe@BUAUKs@@MIc@Ag@Ee@?SHk@Ae@Pq@Eu@RgBCm@LiA?[Rs@Cu@Bi@AwBEw@Dq@EcB\aBHS@UEi@?k@D}@Gs@BaAGe@EIB_@C[Mk@Ea@K]@s@Ii@Oq@MyABYAM
"Portland, OR",3282089,5/7/20 23:38,2752,5/9/20 1:35,370,245,sfztG|{ukVIDy@]WCkFj@{Dx@wAb@KHi@dAGV
"Portland, OR",3282098,5/7/20 23:38,2648,5/9/20 1:36,352,234,ciytG|evkV[SIYq@]s@WcDsAiAs@g@QyAW]Ki@KaAI_@CcAX[BQAi@Oe@Ai@M
"Portland, OR",2681896,5/7/20 23:38,2325,5/9/20 1:36,308,203,gc{tGxrukVUk@COCw@B]HYv@oBlBqDZ_@LGl@KpBJ
"Portland, OR",1349959,5/7/20 23:38,2165,5/9/20 1:36,268,172,{f{tGpnukVrAkBjAuBr@}@HUr@a@b@IPAT@RCt@An@Df@Lh@FNJ|@@RDb@Dt@NpACfBPf@?VLJAdARb@AvAF|@Cb@@PATON?jAJ`@FlA^jAXjALn@Pl@FtDn@^Jl@Xj@JXBx@RhAGpAZ`@Fl@Pr@Jb@JPA^N`ARb@Dn@LLHP?`@FhBd@N@\@NBt@C\E`@B
"Portland, OR",4761458,5/7/20 23:39,2374,5/9/20 1:37,328,217,u}ytG`gukV_ABSAYGy@@eACmAAq@EsBUmAQu@Qs@Iw@OQAWIKA
"Portland, OR",4102592,5/7/20 23:39,1786,5/9/20 1:37,226,144,{dxtGzrukVOfAOjB{AlIMh@Kr@WdAGp@[zAo@~D
"Portland, OR",4102604,5/7/20 23:39,2703,5/9/20 1:37,366,237,w|ztGz`vkVe@BKe@Yq@U{@Ga@KSc@aB]y@O_AGKMaASu@?c@Ea@BQ
"Portland, OR",1086121,5/7/20 23:39,1827,5/9/20 1:38,223,152,{bxtGnqukVqA?w@r@a@POCYKQJq@@OCEDa@ByASa@QiAWwAWc@OuC]e@Mq@KYDw@WY@eA[i@EaA[_@Ea@QaAW_@Ia@G]Ce@K]E_@?y@Q[CYBc@GYQwAa@c@Me@G_@LaADs@C[BSFs@QyCIqBSsDu@kBU{@X]CYHa@CY@[H_AIg@TqAjBg@|@[p@_@bAG^@\
"Portland, OR",4507407,5/7/20 23:39,2689,5/9/20 1:38,378,248,qsytG`iukVrAPlBN
"Portland, OR",3595341,5/7/20 23:40,2007,5/9/20 1:38,250,169,suxtGpqvkVb@OBC?GFEN?dCl@bAZPBDCl@JFJ@NPl@Lj@NXBXC?T|@?BUB
"Portland, OR",3895957,5/7/20 23:40,1603,5/9/20 1:39,207,140,alxtGtsvkVReAh@yDZ{A~@qG~AgJJs@FY
"Portland, OR",691050,5/7/20 23:40,1363,5/9/20 1:39,184,92,uo~tGtmblV[aCUYOYYSq@}@GMUy@_@s@Q_BASLu@Ci@]s@[k@Me@CSNeACw@Kc@@s@Ni@Ve@V{@l@qA`As@hAi@^YR]\IdAHb@X`@HLW?SFm@Pe@ZMz@L`@@n@Ap@a@XI^EhA?`AK`AEpAe@ZI`@Gd@AhAPXLd@HVN\VPA`@[JSl@Ax@d@lAlARANSCc@}@wBOUSe@MK
"Portland, OR",1273593,5/7/20 23:40,1453,5/9/20 1:39,176,94,c~}tGv~`lVo@Ze@j@ATQH}@MeAa@MBOJo@tAw@z@s@nAAQKUc@Wg@G_@FITCZIJOJcAh@GTa@P]ZDL]Lc@X[l@
"Portland, OR",5483295,5/7/20 23:40,1143,5/9/20 1:40,160,77,yovtGdltkV|@NhCBbDaA^Ud@KnD}AhAYhF_A`KaBv@SlBUpBa@zDm@r@UhDq@dDw@pBk@pAk@`@WdAw@`ByAzAwBv@sA|@wBv@wB~@sCJe@x@oBlAuBp@cAbAcAjAy@vAu@bAc@^MbCYlBDx@JhBj@f@TlAt@lFlDt@`@nBzAhAj@j@b@t@`@pA`Ab@d@
"Portland, OR",1078387,5/7/20 23:40,1128,5/9/20 1:40,179,101,olstGfmvkVWWUKSUUo@_@u@OK_AS}@[G?QDy@n@gAb@g@Oa@QCE?WDmAGYKUOOYU
"Portland, OR",691055,5/7/20 23:41,980,5/9/20 1:40,122,81,a_}tGr``lVADFPLGHTB^V`@DR@n@BBBWXOD_@AQDQFT^r@NJLFdAPNAj@d@?JLn@|@z@?JGLGN@XLRENBNJB?Cr@vAPRRPN@JODOCOHQFDHd@HNf@b@CDJPFZI\
"Portland, OR",989235,5/7/20 23:41,866,5/9/20 1:41,111,73,sh{tGdq`lVVj@Pn@Lp@?BWo@KS_BkEG[SUy@m@KUMGMMc@m@u@m@GWKSy@u@MSUcA}@gAa@W_@[Ss@Ue@KO[WUK[BUKaACS@_@J[PYGSQW?_@SMCW\}@bBI?Eg@GQg@g@GQKIUCWRUD[RIPa@DsB|@I\EZ
"Portland, OR",1979407,5/7/20 23:41,796,5/9/20 1:41,77,42,mvztGtj_lV_@Q_@?CNEHO?ECQCYHBBi@bA_@f@SHBJZCAg@Ys@A[Fo@v@W^OEI[O[H[RQp@SLGRC?L[JuAb@M?OG?a@MQLY`@[n@Sd@g@`AGN?vAG??QIo@
"Portland, OR",719154,5/7/20 23:41,673,5/9/20 1:42,67,33,{uztG|j_lVO?q@\e@?UFMPENAXKZ[d@KG@OEc@M]AqA^o@LIEC]HKh@IJQHI@?_@CQ?q@PSLCCKQEWHGVQVMXMf@AZ]~@Cl@EPUa@]YIHGCKQSQOi@CCKHOAIKIJAJOO
"Portland, OR",1001770,5/7/20 23:41,570,5/9/20 1:42,68,44,}rutGhjxkVb@TJUJgADOl@eA^a@t@c@t@YdBiAzB}@^GtAHZLFDx@~@r@jAv@lBT^RTn@l@n@FX?HCRW`@s@j@a@
"Portland, OR",3573226,5/7/20 23:42,1166,5/9/20 1:42,175,86,y}qtG`~rkVCFSBUIaAk@q@YaB}@eAc@sGwDiB}@gBcAeB{@m@Os@KWC_ACaADwAVkBr@{@b@_Av@cBhBo@~@}@dBoDtJo@tAs@nAo@~@yAlBs@p@oB|AYd@uAx@w@^eC|@q@Rg@FUNYFK?WLQDsBVULo@Bc@Po@JwBLm@AK@_@GWBiAV_ATqI|AiAXgBXeAZs@N{@Za@FeBr@aA\}@ToANcBF
"Portland, OR",1022144,5/7/20 23:42,715,5/9/20 1:43,100,60,cu}tGt_alVFJHB?FBHHHLFn@HLDVPLVXVRl@T?JB^WHAPFv@b@PXBVl@`@^b@PHH?`@PN?JCRSHEPFNNFJ?VNXBNAPJpAHL?EHJXPPVVXVfAN`@Db@T\?BQEYWq@MU?M@c@PK@UESO
"Portland, OR",966863,5/7/20 23:42,663,5/9/20 1:43,66,46,o`|tGjd_lVRdAl@p@h@~@ZdARlA`@|@l@j@CtAMrATfAl@n@b@|@
"Portland, OR",771735,5/7/20 23:42,632,5/9/20 1:43,64,36,ebytGvn~kV\PDHEPGHDF?N_@T[t@[IU?SLCDUhAO^Yb@KDMENN^BD@\MNMHBDHKJQZa@XYFI@WC]Mm@q@GB?DDLJR
"Portland, OR",3557625,5/7/20 23:42,1055,5/9/20 1:44,139,68,_drtGxzrkVvBrA|@z@RJr@Jd@NnCzArDpCvDdCtBfAhBhAlAl@nAz@bAn@vDjCjI`FxAnAtBlA`Ab@vAv@xBdAvBn@rBf@f@HrALlBBhAH\?tBK~AOhAQp@SNAbDs@
"Portland, OR",950750,5/7/20 23:43,591,5/9/20 1:44,74,13,qgauG|ahlVmAoAISOSi@yBI{@GOIg@_@y@Ma@ASIMSUKE_@e@c@a@IOe@SM@SJEFAh@Gt@GXUFcAEI^CZ
"Portland, OR",3317967,5/7/20 23:43,527,5/9/20 1:44,37,10,}{ytGjr_lVPwAXgBPq@BCXJhAdAfABr@QTHPIZ[Pk@SGFU^IH_@]g@YGt@Kf@KLGGMYCEK`@EX@GYIEe@Oe@EGG?}@Ns@@k@IQJCn@`A`@Qf@e@z@GJC
"Portland, OR",971139,5/7/20 23:43,577,5/9/20 1:45,86,64,qs|tGhh~kVAnAGx@QfA?p@K|@KvAKp@MvABxBDl@Cx@OhBGl@a@lACXAn@KPYXEN
"Portland, OR",1001799,5/7/20 23:43,528,5/9/20 1:45,76,59,{q|tGv`~kVNn@@XAh@PPEPQFOBKJIf@GNi@nD[jD?dCGhBBj@?h@TlA@TIbAa@r@q@z@o@fAa@`@OLgCbAQBc@TQJa@b@eArAw@fB[\[Ts@p@i@hAc@fAa@r@[v@Qv@OtAQbA\vBDz@Af@
"Portland, OR",5948000,5/7/20 23:47,2104,5/9/20 1:45,293,181,ilxtGlrvkVe@E_Cg@sCgA}EaB}DaBiAm@qAw@eAYm@YaA_@yBgAsCoAqAc@aCo@aAGs@Pm@@uBMiACe@[_@AaAFmEj@cDn@y@Xu@`@cAb@
"Portland, OR",3468425,5/7/20 23:49,904,5/9/20 1:46,114,53,}jutGnatkVfDq@jBSt@Q|E}@n@SrF_AxBe@`AYt@Y|BoAdAu@~@cAjBaCfAiBr@uAfAuC`CmH~@oBn@{@|@_A~AsAd@YhAe@jA_@jAWzCC`@@|@RnAd@xAp@xIrF^RPFh@`@|@h@ZX|A|@rB`Bt@d@rAn@h@Nj@\ZTl@VnG`EdGpDrA|@dAl@^NpCnBnC`BdAr@vEvCfAz@dBjAjAj@~A|@zBbAf@PdAZhAPnAZlAPlCPnABhDIpBQ
"Portland, OR",2129675,5/7/20 23:52,913,5/9/20 1:46,108,66,sr|tGfxalVBEIY?}@HI^BJEDITONDNHXf@V`ANBOy@FgAFWEW]u@EYCi@HWVY`@ARF^XRF`@FRLXAZLLAWUU]EMGiAMg@Gs@TUPe@Hg@R[CMGEuALS@o@d@O?MHMCMMYQw@ZO@EEAMKWi@e@c@WY_@EMA_@H]De@AKPSHEZa@FUAgBr@Wv@Pb@O?SOaAIIDi@J]_Al@KISEGOKi@KQ[UUAc@eAKg@F_@@w@e@eAKMw@GmAo@MUI{@GGEVFh@ORYXIZKHYoCGO
"Portland, OR",2009415,5/7/20 23:52,1101,5/9/20 1:46,157,96,kc}tG~walVQKKAIQLOEEy@AOBSE{@RORMh@c@k@Ea@k@aAQFKLQDk@h@U`@OLWSIYEy@B[Sg@OGu@n@gAG[?]XIPOHQY[QUAa@d@_@Bo@a@y@Qc@QSRQD_@l@GVIFDfAMf@IFSQw@?s@c@[Go@_@
"Portland, OR",1380355,5/7/20 23:53,574,5/9/20 1:47,66,23,o}duGbimlVEXZA\THVNdA?Jf@GTPd@j@LVZ`AAXZM`@JRLX`@h@FJ^PIFAEY
"Portland, OR",986260,5/7/20 23:54,757,5/9/20 1:47,95,21,uf`uGpcflV_@D_B^Y?u@GKGOGw@Dk@EUHMCmABc@Ls@NUREX`@t@Jt@L`@v@hB
"Portland, OR",912112,5/7/20 23:54,1014,5/9/20 1:47,135,71,_j~tGbxalVm@Y]BGLCVa@~@HTPLZHRX@XId@CVFZR\TLXBd@`@Hd@FRBf@Q|@PLZA^BXKh@\VBRKJMLADFDr@DXP?x@_@`@WNSd@LNCHDJN@PMj@HXVJZ@XBbAOj@CPNCJONMl@J^
"Boston, MA",905411,5/7/20 23:55,5057,5/9/20 1:48,682,468,i~naGnx{pLsElBaAZ]Rc@L{@`@uDrA[P[HsB|@q@PYN
"Boston, MA",944212,5/7/20 23:55,979,5/9/20 1:48,73,41,cvkaGhogqLUkBMm@{@yFEw@WyAg@oDEm@Mk@qAoKcAkHWmCS}AWwAsAgKgAiGQ}AuA}I
"Boston, MA",3864768,5/7/20 23:56,798,5/9/20 1:48,53,32,obnaGtyzpLDK@GYsCi@qCSy@SyAKk@]cAs@qCm@sEk@mCg@uCWgA
"Boston, MA",8313745,5/7/20 23:56,3919,5/9/20 1:49,531,339,_qpaGpczpL@RLRBTHHHR@XTp@Hl@BDD^Rp@?HDBNj@NXCNLj@?HTh@AFDJD^?JT\Hd@Zz@DT@VLXNxADFL^?HDPLL?LJN?HCLLXFTB\@h@Zx@\n@R|@FLRT?HDF@PGH@DGDFd@z@fB\pCLDH\R|@BXANHb@LVAFN|@\lADfAD\BJ
"Boston, MA",758507,5/7/20 23:56,3766,5/9/20 1:49,445,282,qcoaG~a_qLEwAm@aF?k@PgCAm@M}ASyA@w@Mm@c@yASoAw@}COqAK_C]wAUs@]wAKi@MuAgByGYaB}@oEWcBo@oCKs@gAgF
"Boston, MA",725032,5/7/20 23:56,2829,5/9/20 1:49,290,191,o{oaGxc|pL}B}KiA_Fi@sBe@cCgA_EE]cAuEi@oBWwAw@uCcAyEw@_DMmACm@@sGEu@Kk@Qg@Se@]e@]We@Sq@O]FmAMmBYWKuA{A_A{@_B}Aw@q@
"Boston, MA",1105879,5/7/20 23:56,3202,5/9/20 1:50,425,265,sgraGzeaqLp@_BZa@VYz@k@ZMl@]lAg@RI`Ba@|Cm@dAC~BF
"Boston, MA",5738736,5/7/20 23:56,2919,5/9/20 1:50,339,212,{draGblxpL^q@l@kBl@oA`@iAh@kAvAoDd@{@Pm@P[b@aAZ_A
"Boston, MA",3873948,5/7/20 23:57,3873,5/9/20 1:51,513,320,mynaGh}~pL`@iD@]FqA\iEH}ABeAHq@DeCAm@HuBAq@J}AH{CD}@Fq@DiBRqDCu@Dw@DyC?sAH}D]{Ba@oB
"Boston, MA",1146728,5/7/20 23:57,2502,5/9/20 1:51,288,202,w{naGfv{pLKk@MaBWeCKq@[uAYmBWyAGoAQm@[oBIw@SkAQa@QFu@DQE]_@i@mAkA_GwByLYkA_@wBQw@a@uCc@gBq@qE_@qBYkAS_@k@cA}@iAWe@Ic@C]Di@?g@Gi@q@c@a@iAUYcAq@e@M[EkA]m@Uc@Yi@Sw@?_@E_@MQA}@PmAf@_@H
"Boston, MA",8812061,5/7/20 23:57,2854,5/9/20 1:51,390,244,wzqaG~qxpLd@V^Z|@`AfBfAz@bA~@r@^\z@dAlBdB`@X|@`A^Zx@~@`CtB
"Boston, MA",5389197,5/7/20 23:57,2473,5/9/20 1:52,311,196,gwqaGfrwpLYb@s@fBU`@k@pB}@lBSj@o@rAsAfDcApBYf@
"Boston, MA",8804867,5/7/20 23:57,2709,5/9/20 1:52,346,194,giqaGb{`qLmAM_B?kBIy@Dy@?wARy@PeBf@iCdAa@T]Vy@|@m@x@[t@_@~ASbBIfBCrADbCN`EAtAGfA
"Boston, MA",2373766,5/7/20 23:57,2772,5/9/20 1:52,352,227,ewpaGboypL?g@L}B@kADq@Aa@JyAHiCJ}@De@@c@?qBHeA@y@PkD@q@Fe@@c@
"Boston, MA",1560514,5/7/20 23:58,2738,5/9/20 1:53,333,207,stpaGfkxpLOvFE^@\GlA?n@BT?ZSpBGhDIt@ClAE^KrF
"Boston, MA",7605594,5/7/20 23:58,3090,5/9/20 1:53,385,219,q{naGz}_qL@x@E|BEt@Gh@SfASx@cA|CgCrGw@xAiA~B[j@q@`AYZq@j@]VmAd@}A^g@D{A@sAQmB_@_IaCq@KyAGi@?u@BoCV
"Boston, MA",2733323,5/7/20 23:58,1511,5/9/20 1:53,138,108,utoaGjtwpL@D?OSKI[McAEmAO_AUy@K_B@D
"Boston, MA",1348294,5/7/20 23:58,2116,5/9/20 1:54,195,105,ujraGrbbqLBDERh@[JQDULoE?i@G}AL}ENiA`@mBPkAf@uAb@i@hAaAjA{@x@e@nByA~@]RErCE`@D^Ll@HbABt@Fd@@b@ERHx@BXCdCAz@MbCH|@@ZIr@?z@GRIt@HP?`@Kp@[ZEVKf@K|AKt@DfAK
"Boston, MA",3486042,5/7/20 23:58,1966,5/9/20 1:54,155,97,e{oaGptxpLSII@LFTDj@VzBvALLP`@`@h@FPRj@Ll@TtAFv@TdA@PJn@`@zAX|ADj@Lb@RzANn@Hv@Lj@XdBLh@d@rATd@`@^d@dBXhBXjCDJLdAPr@Bd@ZlABTAlALp@?`@BPd@l@VjAJv@LZJ^JLFPHd@JzBClA@PR~@DdCF`ACd@I`A@RCL
"Boston, MA",725168,5/7/20 23:58,1119,5/9/20 1:54,96,75,muoaGjswpLCu@OsAqA_I{@sGOm@UqACk@Kk@Me@SqA
"Boston, MA",5626676,5/7/20 23:59,1531,5/9/20 1:55,220,132,gsqaGzwdqLGGADEC@BCIC?GEWYW@SI{@kBg@mBg@mCOaAGoAOmA
"Boston, MA",2373771,5/7/20 23:59,1604,5/9/20 1:55,171,102,mupaGrhxpLGbAMnA?vAA`@Q|BGjCIZAX?d@GnACbA@zAOnC?d@OjC@h@
"Boston, MA",1146735,5/7/20 23:59,1365,5/9/20 1:55,121,80,kupaGhlxpLqAL{APqACiAGkAOm@Cs@Kk@S_@UWY[e@i@mAMg@WyBBu@D_@Cq@WQgBs@YU_@e@EOCc@Wi@sAmBeA}@c@B{@jBg@tAB`AW~@e@rA{@dBOj@}@xBm@vBOh@Ub@Op@@ZT\`AfAjAhA^@d@Kb@SXCd@Fd@RbA`Ad@n@d@\Z^`C~B|BjBZ`@xAnAn@r@tDlD^ZXN^f@ZR~@Lt@B
"Boston, MA",5738756,5/7/20 23:59,1489,5/9/20 1:56,212,156,m|oaG~g|pLcAb@a@\QFCD{@\OD[PgBtAc@d@o@`@IRg@^a@Rg@r@EP_@l@Q^ST_@r@
"Boston, MA",1034092,5/7/20 23:59,1277,5/9/20 1:56,126,70,aupaG|baqL{BJyANcF^_BBg@Ce@K{BBoACiAB{CL[Fi@Ng@X_@Xa@^]\_@h@_@hAGl@@f@Er@GtDKpC@v@Cn@QxBSdAC\]fBQ^wAtFe@fBO\m@hAUT{@h@_@Zc@Ny@@wAJyB\c@LiAr@mA`AU\cAvBw@jBKl@[vCCpCJvAXbC`@`BZr@j@v@`@Nb@?DCNYVC
"Boston, MA",5587820,5/7/20 23:59,1006,5/9/20 1:56,281,204,{dkaGlonpLh@aAh@wAr@mAr@aBj@wAh@}AP]d@aBXu@\kBT_A\sBHm@F_BPaB
"Boston, MA",4148956,5/8/20 0:00,548,5/9/20 1:57,58,34,yfnaGxj{pLYq@EK?MH_@^_ASEO[WG@FEGKGF?GO?KFCa@SEEIQCK@e@S]c@wBEi@By@I_@OUm@OOUCWCg@S]o@yBEgAYq@AK?YWq@BU@o@cBuG?Q]{@CQBk@CQM[WeAQg@Ig@?YQXIOM{@Eq@UaAEc@g@aBBKAGCQEIIk@CEKEDq@?WKg@QYEQ?{@[uAAe@KkAKo@O_@Q{@?}@Kk@H[AKQo@Um@]sAMWS_A
"Boston, MA",1381153,5/8/20 0:00,1238,5/9/20 1:57,30,18,sstaG|ygqLMf@HHFGFCDDDABWh@{ARO
"Boston, MA",1565397,5/8/20 0:00,747,5/9/20 1:58,58,46,_qoaGhhxpLIcBIk@[kAGs@m@yDGw@UyAAo@WsDc@iDu@gEU_BCk@U}A
"Boston, MA",7302982,5/8/20 0:00,1151,5/9/20 1:58,221,148,yiraGzuvpLLZS`@Gp@L~F`@pDIt@O|B?`A
"Boston, MA",7098047,5/8/20 0:00,853,5/9/20 1:58,85,29,upkaGdrlpLlAZvAd@pAh@tCxA|BxApC`ClBlBj@n@b@rBe@jGOnA]nBcAbEk@|AkAtCaElIy@tB
"Boston, MA",1201239,5/8/20 0:01,698,5/9/20 1:59,72,52,s{naGfx{pL_@cAREEg@?o@Cq@MwAc@iCk@mBO_BaAaGOiACy@Sa@YI]R]AYQS[Uq@]aCa@iBm@mDUaBEy@Ki@g@{AWkB{AcJo@uAOo@_AeG]qACs@FaBMo@f@iAHg@Dq@Im@Ka@?[HDKZBIAMRuA
"Boston, MA",5389179,5/8/20 0:01,879,5/9/20 1:59,115,86,eupaGr`}pLLWJIJQt@cBZi@jBmEVYXe@r@}@p@i@f@g@p@e@^OVQh@S`@WbA]vAu@
"Boston, MA",4429337,5/8/20 0:01,1162,5/9/20 1:59,176,129,{wwaGz|dqLSGKGO]Me@Ii@OoBEmABoAGeC?eAJqAJi@Bo@?o@Da@DyAC}CHw@
"Boston, MA",1892275,5/8/20 0:01,1121,5/9/20 2:00,210,144,ohraG|nwpLIeA?i@LeC?q@WyE?gACQGQD{AAu@KWIKK_@
"Boston, MA",5292743,5/8/20 0:01,798,5/9/20 2:00,151,100,azqaGjsupL}EtCg@^W^[Jw@p@MBsB|@k@\[V]Nc@Z
"Boston, MA",7983890,5/8/20 0:01,1193,5/9/20 2:00,202,143,yxwaGrwcqLMfACj@G|CO`AEjAO|AE~@H~CI|@?xAFr@NfAAl@Dj@Vx@HJJFhABv@RJVH~BPhBRN`BBd@E
"Boston, MA",3159457,5/8/20 0:02,1245,5/9/20 2:01,169,110,_kxaGbnfqLc@TEHe@X{@\MJmAb@QBc@VmB|@q@PGFYDYRk@Zo@Ng@Py@`@OD
"Boston, MA",6935836,5/8/20 0:02,1391,5/9/20 2:01,235,179,e|kaGzviqLb@T\^\t@TXL^t@rAr@V^@d@Od@WnAw@bAy@Z]Tc@Ri@b@{BTu@zAiEXq@Te@`@o@dCkC\k@Vk@HYJw@Bw@Gk@Os@iAaDHEa@aA
"Boston, MA",3370124,5/8/20 0:02,670,5/9/20 2:01,59,40,aspaG`ywpLCy@W}ADoACq@K_@C}AQ{@@eCOsBN_C?a@Eg@L}@JI
"Boston, MA",3599409,5/8/20 0:02,676,5/9/20 2:02,93,68,}}paGpo}pLh@gADAFQDg@JQLUf@k@HQEMIIbAoAPMTEPINS^yAd@]^y@ZeBHILEHQ@a@JWF?^s@X[Ni@Z]Xg@ZUXm@`@]JMd@QHMZSfAy@PI^GF?b@a@NE^QP@TE
"Boston, MA",9273929,5/8/20 0:02,886,5/9/20 2:02,49,25,}_maG~oaqLm@eCO{AmAqHc@iBQ{@c@{C[gBe@wBU}A]_B[}Bw@_Em@eCMo@]qAMuAa@mBYyBU_Ai@cDSy@WuBMq@i@qBKo@w@sDqAuFg@cDQs@m@cEWmA
"Boston, MA",9273513,5/8/20 0:03,1165,5/9/20 2:02,83,33,y~kaG`elqLFs@LoC?eAO}A[eAa@y@]e@iCuCg@s@mAwBaAoCsAmGSkBQaCGqCQkDGcEHaGHcDDmC?sDFyBh@mHTqB^wBr@gD\y@
"Boston, MA",9026217,5/8/20 0:03,1327,5/9/20 2:03,73,31,_qlaGlrjqLOo@Gu@@w@WuG@w@Hs@JkB@w@Dq@CkBIq@Ds@?_ADw@PkBh@_CVcBNy@FgBIy@@ELMPo@h@cDVo@Xg@Rk@Dq@Ps@`@o@h@iBZc@Fu@Nq@CuACWFc@
"Boston, MA",8776410,5/8/20 0:03,981,5/9/20 2:03,151,74,}epaGfriqLMi@Q_@]uAMw@Cq@Aw@DaBRuC@kADg@IuCGi@Aq@Fi@Cu@Gw@EcBMo@G}@Mo@w@{CSi@g@cAQe@YwAQiBO{D]_GGo@s@wFYoASe@Uc@{@eA
"Boston, MA",8375820,5/8/20 0:04,1327,5/9/20 2:03,87,42,ezmaGjo~pLIe@e@aBk@eCq@}B[wBq@kCq@eE_@iAUmCYgBi@wBCYCyC
"Boston, MA",7089839,5/8/20 0:05,547,5/9/20 2:04,102,61,}dlaGjbqpLBgACkAFwACwBJw@@k@IwE?{GEg@M}I?q@Fg@Ba@Qs@HsBAcC@s@EoF
"Boston, MA",6935830,5/8/20 0:05,1416,5/9/20 2:04,217,158,}{kaGrjhqLaAB}BMWF]\CHIt@|@jD?TGl@QdAyBfJC`@Hv@P`@VRb@JPCPGbBuANE^DJD\b@Nf@Bb@C`@[pAsAtDK`AL~@NZLNj@SrAn@
"Boston, MA",6175932,5/8/20 0:06,1054,5/9/20 2:04,79,40,melaGldhqL@j@Gj@kAtESb@]bAMh@Qb@kAvG[jAu@`GStBOjH
"Boston, MA",5488826,5/8/20 0:07,505,5/9/20 2:05,72,48,}mwaGnciqLCuJDoIAsDBeGAgMJ{GCuKCkBGkBe@kHKk@Y}@EE
"Boston, MA",5018952,5/8/20 0:07,525,5/9/20 2:05,73,33,{dpaGjtiqLR]VRLj@Zx@Fd@R|@@`@f@jCSpBBdAFl@IZE`@BhAC\CdBBpCCjAB^@d@Qx@FfA?`AGd@ChIWbAF^DnAGzA?v@EXE|@O\CZHnA@jDH\YdE[fBEZSv@U`AC^Ov@QlB@lAIx@Aj@KZG`@Cd@M`AOb@q@|D_@t@S`AG|@Ib@]`ASXE`@S~@YfBe@fBe@z@SXk@f@s@X{Df@YJs@FSFi@Cy@l@c@?_@`@s@bAo@d@_@j@QNI^MrA
"Boston, MA",3363263,5/8/20 0:09,527,5/9/20 2:05,63,44,kxlaGp|fqLCw@BoBIg@]sABe@C[Gc@Qu@@WAYm@[QYKg@a@o@
"Boston, MA",3047843,5/8/20 0:09,795,5/9/20 2:06,102,75,{qwaGj`bqLNyD`@{CDk@Zy@ZuAf@gEX_BVaCh@uCJo@Bk@DWHWb@oCP_BP{@RcBp@iETgBn@gEPs@
"Boston, MA",2559175,5/8/20 0:10,3424,5/9/20 2:06,416,246,eyoaGxj|pLTjAj@jB`D`O`AhDjAlF@n@Ff@FjALfAPdCbDxMt@~DVxBN~CH~E@dDAd@E`@C`DDfBC`@GXQxACh@QfA
"Boston, MA",1383791,5/8/20 0:10,2678,5/9/20 2:06,285,161,oepaGjw`qLv@Uv@[v@KhBg@z@a@z@{@v@c@~@SnBKFiA@_DZeAf@}@h@w@b@y@f@w@`ByA\o@d@kA@YN}@B]Gg@DkAFq@XsBHoAJe@HWBWMqACo@FuBGuB@iAWqAU_BEmBQmAG_BU_Ag@_BEa@Cm@QaAaAkDa@eAScAMoAAiAKuA?mAKgAy@{AQk@g@qCOmAWcA]eAUuCYcAg@y@u@oCUgAQiADa@
"Boston, MA",1334138,5/8/20 0:11,4551,5/9/20 2:07,633,426,wyoaGxe|pLt@YTCrCiAd@MdAc@jBo@`Aa@NK`Cy@`Ag@`AUb@Q`B{@
"Boston, MA",944686,5/8/20 0:11,2980,5/9/20 2:07,316,172,qeoaGjw_qLCV@RSh@oArB_Av@k@t@s@`BWb@c@dA}@tAMbAGXMNa@v@OLU?OHMNsBxAQHMLWh@QLmA\y@Hg@CSDa@PcC\mABeCTiBD
"Boston, MA",785080,5/8/20 0:12,3722,5/9/20 2:08,492,314,iupaGtpypLb@^`@h@Vl@Pt@Fv@AbCBhDFjA^|AVz@|@jD\~A`BxG\`BlAbF`ClKf@tBv@rDpAbFp@dD
"Boston, MA",785071,5/8/20 0:12,671,5/9/20 2:08,59,34,ueoaGvv_qLK`@FJ@^o@`A_@d@c@h@_A|@_@h@mArCSp@KTw@dAOvAAFYZYd@WVGAYJmB~AgAr@qAp@k@PqAVm@DqARqGh@sBJ}ANWN@Lb@fBZvAVb@Z?fD[fAAr@Db@FvDlAbCr@vBb@p@Bl@H~A?|AUjBm@l@]|@{@z@kA`BuDt@yAjAoCnAqC`@oAPu@ZiBH{@Bo@@gDIkAKk@?kAT]FBPCBEDy@
"Boston, MA",785068,5/8/20 0:12,1088,5/9/20 2:08,109,58,{draGxlxpLBt@~@~A~@pAd@Tf@Kb@En@Qh@JXXxAdBzArA\X`C`CfB|AnDnClAdA`@j@l@j@r@x@PL|@LhBN\FTLd@Fr@Tb@^Z`@\t@Pt@Fv@?zF@z@F`A^|AVz@|@jD\~A`BxG\`BlAbF`ClKf@tBv@rDpAbF`@lBZdBTj@XfAb@pBhBlHdA|ErCzLBx@XjDPzAVdB~CfN^nBNlARrBNhFFhFOdJ[`DUfD
"Chicago, IL",5600044,5/8/20 0:20,1582,5/9/20 2:16,235,134,{k|~Ftj{uOb@[fBkAd@S`@]`@Sd@OdAk@jA_@bAm@hAe@pAu@
"Minneapolis, MN",2533293,5/8/20 0:30,1427,5/9/20 2:20,265,190,qgpqGjnexPNq@VcC@uDEsA_ByRk@yFUwCMs@
"Minneapolis, MN",1735730,5/8/20 0:30,1478,5/9/20 2:20,304,222,wlpqGx}cxP@TNf@Hv@`@fCBv@XvCDt@PpADlAFz@TzBHjBd@zCLnBC`COhAEh@Oj@?VUX@PIL
"Minneapolis, MN",870152,5/8/20 0:30,818,5/9/20 2:21,139,92,ixlqGv{~wPa@q@mBaEg@y@kBuDw@gB
"Minneapolis, MN",6056946,5/8/20 0:30,1486,5/9/20 2:21,239,143,ofgqGbapxPGVs@tAOh@QXSTy@lBSx@g@|E?`AEjAFlBAHOl@S`BBjBC`@Kr@[fAOt@Q`@ST}@\]Fu@@YCS@gA?sAKU@YGmAG{@D}@Lo@j@}@f@a@`@w@`@a@H{@?[Bo@@WBqAIM@wACa@I[?w@GQEOAOGe@?iAO[Io@Ey@]OCSKUC]Uw@SiAm@
"Minneapolis, MN",2351812,5/8/20 0:30,1082,5/9/20 2:22,201,123,mzeqG|moxPbCd@jAb@d@Xr@j@b@TnA|@v@b@bA`@pAHhALjA^b@T|@p@`@`@n@z@j@l@hDxB~AlAhA`@vBj@j@Vb@Lf@T`B~@XBf@GfAa@d@WjA}@`@_@h@o@lAiBl@mA~AaEZm@Ts@Rw@Nu@l@qELwBJiDFwDFyA
"Minneapolis, MN",1729968,5/8/20 0:30,716,5/9/20 2:22,113,50,ulmqGrn_xP\g@l@k@`@i@JGn@m@j@k@|@o@fC}BZQpAmAZ_@pAcA
"Minneapolis, MN",1471907,5/8/20 0:31,1033,5/9/20 2:22,191,126,ookqGzhnxP_@x@_@ZMBQAc@PQBOAk@U[W}@MQEOOQIcCgAa@[i@Yk@g@O]YWi@[q@s@SI}@Dq@Ck@Fw@Ta@T[Z{@x@i@v@{@~@IPW^s@l@c@f@QZEVDZHRTL`@Nt@HbAGh@Mf@OlAKrBo@x@OlABhAFbALf@TTB^Lj@`@x@Jx@Nn@TJHd@RZ`@rAbAXf@Ld@@P
"Minneapolis, MN",1643778,5/8/20 0:31,1083,5/9/20 2:23,211,133,kycqGlymxP`@~@ZpAfArDx@zD\pB\|ANhDBjCChA@bAIxAC~Ak@dIWrBQt@Gb@_@~AM|@S|@O`@Gb@[x@S\q@z@uAtBkAdAaB`AiA^S@c@GIGSQo@c@SOi@SWCqDcAw@_@g@]_@[sAw@}@u@_@We@c@w@gAGC
"Minneapolis, MN",1332276,5/8/20 0:31,916,5/9/20 2:23,128,74,_}iqG~ypxPXn@hBrAFAZX\^HVPR\ZJZn@t@jA|@l@^b@d@j@f@zAt@t@b@dAb@NJb@Jb@Rt@P`@Bf@LdCPp@Hn@?d@Hr@Hb@@|@E`@Fx@Ez@Fx@ETCb@[`@M`@a@^Qh@e@NIPE\@NCTMNGRAz@Dd@Aj@FLFN@f@EN@`@VN?t@KlAEf@Gp@a@v@_BLo@HODUDqAAU
"Minneapolis, MN",2351823,5/8/20 0:31,881,5/9/20 2:23,172,101,socqGvunxP[eC]oD?i@EaAa@iBg@eBMm@eB}EUk@aA_Be@Ui@_@s@s@eAy@g@[_D_Be@OkAq@qCcAqBgA_DuAa@WiAg@i@I}Aa@s@MaAMi@Ag@Du@?q@Fk@As@Gc@Lo@Ha@J}@`@c@Zi@j@qBtD[b@]p@[p@aAfCiApF[rAUfC[vBSfBCfAI~@A~CFdFCr@FrC
"Minneapolis, MN",959655,5/8/20 0:31,1113,5/9/20 2:24,186,103,aegqGhsoxPKYC}@Go@Mk@Ce@a@iCSo@Su@Uk@kAcCK]g@o@WyAKy@{@eAe@MMGY]Uc@i@i@s@i@c@UQMe@My@K_A_@eBSa@OSEUAWD}AAe@HQ@g@QmAKWFuBWc@Ae@MQAYJU?w@E_@IOAWFeCMWBg@L]T[^QJc@@YNg@P_@XYb@MBOUOJ[d@]VGVe@TKNULq@RM?IHy@`@eAXOHy@@]TgAb@i@FQD
"Minneapolis, MN",2220586,5/8/20 0:31,1256,5/9/20 2:24,205,111,ydfqG`doxPk@ACNuA@c@JSBIPoAh@u@d@OFc@CUDQFc@XMLENKrAI\GLe@N_ALOJu@z@}@pAq@j@ODSAWOUGi@H
"Minneapolis, MN",870148,5/8/20 0:32,813,5/9/20 2:24,144,87,m`dqGvxywPAlE@`CArAA~H@`@An@BnH
"Minneapolis, MN",6056938,5/8/20 0:32,1069,5/9/20 2:25,189,124,ehiqGfrnxPdAg@ZUv@]l@a@v@Gl@QnBe@x@ClADVD^E`AEj@Hf@ArBDXFd@HtALr@?`BNf@CVF~AL|AXZRpAb@b@R`@Zp@^XTVXj@x@f@bAz@jAXl@d@pAd@dAd@tAHHPl@p@lCJr@NhBTxEJp@@fAAl@Kl@K~A
"Minneapolis, MN",3744116,5/8/20 0:33,847,5/9/20 2:25,140,81,wniqGt|ywPr@_@jCy@ZC`@B~@Xb@Dr@ApB`@R@PAPIZi@Fm@Bq@?w@]_I_@gKE_@Cm@De@JYRIRVZpBJ|@`@jBJv@Bn@An@B\ZvBNl@n@hA
"Minneapolis, MN",4821247,5/8/20 0:33,606,5/9/20 2:25,138,79,mkdqG||zwPFFZr@PdA~@jDx@hDf@vAXhANd@
"Minneapolis, MN",2220578,5/8/20 0:33,918,5/9/20 2:26,141,81,m{cqGxepxPWDSFu@f@UJMLGNIF[JK?s@XQL_@^c@Kc@Fk@]SG_@[o@_@MAa@O]G]YQE[@g@Es@c@qAm@OYKOQOMQSc@{@g@]K]UW[g@iAIMa@W_@e@OIo@Gs@UMG]e@KE_@RgALMJIBi@MYOm@m@aAu@[]q@c@K@MAOIu@k@c@QIOOGc@Cs@_@k@c@a@Q]]GQMKQC]@OCQEIOMIq@?OIGQ?USu@
"Minneapolis, MN",3606325,5/8/20 0:34,658,5/9/20 2:26,135,70,m_dqGz{zwPA{Q@{FCaD
"Minneapolis, MN",5560716,5/8/20 0:34,679,5/9/20 2:26,86,51,o_fqGd~mxPH}@Lq@r@aDV_Al@kBh@qBXs@`BcC|@_A`@i@`@a@pBaAv@Wt@F`@Cz@MlABh@Eh@@nBZd@LlAf@fA^pAl@nBnA^P`@VdAf@j@RlBx@ZRl@VTLz@ZfAj@fBfAlAfAjApAVj@f@rAR^l@fCd@lAbAxDh@dDR~@DZL~CGbEQhDCjBUfBErAYrCM|@}AxHIZO`@g@nBsArBmA~ASL{@|@a@Zw@VYLk@Jg@KUY_@]]SeAQ]@_@Og@KiA][OiCaBc@a@_BeA[W
"Minneapolis, MN",2402080,5/8/20 0:34,613,5/9/20 2:27,94,57,ypjqG~tnxP[a@w@gCW[{@{@eAkBu@iA[_@a@YcAa@aAs@gAa@a@W_Aq@e@Wc@Ke@Ae@N]VU\Ql@e@fCQj@m@rA]b@e@VgAFg@Cq@MUI_@U}@QcB{@}DaCSSYe@i@oAU]Y[]WYKc@C[Fc@Pc@XcAx@yAtA[\uBhCkA`BM`@Cp@Dt@Ph@TZp@^`BBd@E`AW~Am@vAc@jAK~BE|@D~@L|GdBZNZT~@`Ah@hANp@@v@In@Ud@a@Tc@Fc@A]@cATa@P[RkF`F[b@Wn@Ip@?r@Ft@Tf@X`@\\XRb@N\@bBG^PTXR^Hl@EvC@r@Jf@Xj@RT^Vf@H`@IfBs@ZGbAGbADlAIZ?hAKd@I|@Kz@SZK`AGf@@tBLd@I`@QX[N]ZyA^gDPoC|@{G\gE?s@VqE
"Minneapolis, MN",1643815,5/8/20 0:34,669,5/9/20 2:27,140,101,_ueqG`emxPUZOd@UT[d@[`@Wr@G\Wx@Yn@Sl@EDCJY`AOn@]zBYnAk@tDCr@EPEb@Ib@ARKl@?^GNEd@DXEx@FhA?lBBxACrCB~@Fh@?PGfAGZGNc@b@M`@CZFj@JZJPRJj@HnAJp@Pt@p@VJdA|@~@Zn@^lAb@h@d@rAn@f@d@v@d@jAb@f@Fj@Ab@BpBp@pAdA
"Minneapolis, MN",3894372,5/8/20 0:34,654,5/9/20 3:41,127,72,o|bqG|gmxPEBm@C_ANq@Ay@Hm@IYDy@G[D_@EU@}ARq@@_@Dg@Pe@HSJWVKRM\QTI^OTGRo@tAe@l@KR]J
"Minneapolis, MN",1667697,5/8/20 0:35,613,5/9/20 3:41,121,70,oabqG`yjxPI`@Sn@Kj@Wj@e@rAS|@Gt@EHQv@BdABb@AEDT
"Minneapolis, MN",4995851,5/8/20 0:35,560,5/9/20 3:41,119,67,{jmqGvirxPPDZGL@r@IfAEp@Dj@Ah@Jz@F`@L\PZTt@XTN`@^RJL?ZJrADDDPFx@HZLNBz@RHHVJDF^IL?LD
"Austin, TX",1832309,5/8/20 0:47,4083,5/9/20 3:42,116,72,mgvwDj|ssQk@_@Sa@EACJDB}@fAQb@IHQf@S~@Ob@YfAQZOl@QRMb@KNOv@U^Mf@G?Bf@Yd@Yr@W^AJMEE@GFCLEn@G^]`Ac@x@ETE^EJ
"Austin, TX",3473348,5/8/20 0:47,3820,5/9/20 3:42,88,55,c}vwD|dusQBfA?b@EZI^]dASzAo@zB[bBg@fBM^SXa@~@e@n@aBbEYb@[ZUZK`@s@vAWt@W`@c@fA[^UN]Ca@Wu@M[M_@E}@CUHi@v@a@x@wAhBm@lA
"Austin, TX",4169101,5/8/20 0:47,3357,5/9/20 3:42,71,50,kuuwDlyqsQs@vA_AhC]dAQ^Mp@Cf@@`@EjAg@jAaAdDOZ{@b@UxAYvAo@dDQf@WjAIz@Y`Bq@xCCdA?d@Bb@Gf@C^?P[nBKX
"Austin, TX",2728190,5/8/20 0:47,3996,5/9/20 3:43,148,88,s`xwDp{vsQn@v@hBhBxB`B
"Austin, TX",7237215,5/8/20 0:48,3944,5/9/20 3:43,888,547,mvwwDvcwsQkC}AqEsC
"Austin, TX",1991801,5/8/20 0:48,3916,5/9/20 3:44,885,556,olvwD|jusQo@yAa@u@q@aAYUE?KDs@jASb@G\Sh@e@dBSd@I`@
"Austin, TX",879377,5/8/20 0:48,3493,5/9/20 3:44,772,472,}evwDxpusQe@ZSIOWiAwA{@oBKYYc@q@yAIYSYOKS?OJOP_@l@MZ]pAk@dBa@|Aa@~Bu@pDu@xBq@nAYz@Ev@G\I\Q^i@pCq@fBa@x@y@vAUXw@l@YZo@`Am@v@aCnESRWNw@Pa@P]Pi@b@SJk@[
"Austin, TX",1834651,5/8/20 0:48,3156,5/9/20 3:44,571,331,aetwDbxpsQPE^MNAf@OZYj@Sd@g@t@g@b@]h@q@Rc@`@c@Ta@VWF[Dw@
"Austin, TX",795290,5/8/20 0:48,3333,5/9/20 3:45,713,435,axvwDhrusQi@tCQ^WnAq@lBk@rA?HITCb@]jA[n@KfAERy@pBWx@s@tAWT]b@}@v@[`@Ud@g@p@[j@eArBSZUj@]VaAJm@VSRs@`@S@c@Oi@g@kAo@u@u@e@YMM}Au@E?@DHc@P]?G_@JQBQN
"Austin, TX",2506929,5/8/20 0:48,3956,5/9/20 3:45,96,62,wjvwDtzssQO`AK`Ak@zBiAjC_AnC_@t@aAdCSFSCCdA[tAmAtCY|@WhAmAdDIb@FjACZW|@m@rCa@rAOfAUz@Wz@G`@Mb@QRSZYt@QPc@r@Ut@s@xA
"Austin, TX",7397890,5/8/20 0:49,3199,5/9/20 3:45,608,358,ubswD|}osQKF[b@M`@A^K`@wBzFEf@@\G`@M`@E^MV[VUVC^Uv@MTGn@QZGHALcAdAU`@]PiATaAn@_Az@]P{@n@gAd@sA|@]NYVYt@Mp@OPoARaAAYBeBXc@BWEY?UJ
"Austin, TX",13777651,5/8/20 0:49,3895,5/9/20 3:46,75,56,uuuwDlyqsQQf@Uf@i@~BQb@Y`@a@nAGj@AzA
"Austin, TX",841243,5/8/20 0:49,2254,5/9/20 3:46,25,12,yvuwD|yqsQEj@o@jCcAhCMfAA`AG`@AXKRg@dBa@tB[r@Wt@a@rBHPRLZHLJAP]bBUp@]pASd@ILk@b@o@nAq@b@GJGP[lB?x@Ab@MbAAh@]bC]rAK|@GTMh@Yx@Q`Ak@~AS^Sf@w@dC]v@s@tB]r@a@n@Md@Il@[v@i@`AsBrFc@bBATFpAGh@Md@[x@]nBa@pAMr@ARa@pAYlAQb@U`@Od@g@d@k@jA]j@}@nBe@l@uAvD}AjCQNQBOGMMQGe@Ee@KkAOSCQDONa@l@m@lAoA|AQ^
"Austin, TX",4169096,5/8/20 0:49,2674,5/9/20 3:46,52,30,grswDvfpsQEVIHa@To@`AWVm@b@cAzAi@n@s@f@kAZU\K^QXo@^iA|@]LSFa@Aa@D}AZw@\cAXk@V_@Ha@@e@D]PUPq@Ze@Jk@FkAE]@oA`@w@YMAWNe@x@QGOQsAu@]?SPOb@Rn@El@GXCf@Ep@Wz@QVgAdAg@`@gBzCa@n@MVg@t@
"Austin, TX",7380682,5/8/20 0:49,2110,5/9/20 3:47,330,172,omrwDdlnsQMDIHKX?n@DXDl@ETIROr@ILS~@{@lB_@rAC\KVQVq@ZOLKLGPG`@Md@k@v@g@tAOXQj@E\o@xBGVQ^STIRARBbAAdA_AbBCLQXGTMHEJMJWPIDEHYTYr@BNAREf@M^KhAc@|@i@zACJDZANUjAa@x@]b@EJAb@CFYh@OTYz@KJMZ]d@MLMVYZYLc@Ba@Po@b@w@r@{@f@e@b@kAf@y@f@k@X[TMN]z@Mn@GLMHODYBiCQgB\{@HQJ
"Austin, TX",7408120,5/8/20 0:49,3186,5/9/20 3:47,156,116,ictwDdjqsQVwAV_@`@Wd@Q`Ao@hAe@|@u@`@UbBuA`@Sb@Ed@Mr@}@r@eARi@Ji@Pk@VuA\Yj@mAPe@Ck@@k@hAgDf@oAPi@
"Austin, TX",4169078,5/8/20 0:50,1553,5/9/20 3:47,26,13,smswDlwksQ?f@KhA?TJZd@VjAb@NVCrD@nCF`@h@bDFxA?\CVSNaAUUEYLQTG`@?PF`@A\a@dB]vBD^?ZCRKT?V`Ah@r@Xv@RrBx@^JTJPRBZi@|BGPGh@BLZRd@Kd@C\NR\PPVFzB^j@N`@Rl@h@B`@E`AGh@_@vAE\Ad@Dn@J`@\\N`@C^Ut@Ub@c@n@M\QTO^]pCKXoB`EK^Ad@B^Ch@WlAYdAcA|CSf@a@p@Of@Q|@q@|Ak@bBKfA{@dDM\WlB
"Austin, TX",6973645,5/8/20 0:50,754,5/9/20 3:55,121,78,u~vwDnbusQNq@fAsC\qAVe@ZmAXi@X{@Ti@Ha@PUd@c@^cBh@_Ab@c@\e@x@s@^c@LSb@kB?g@NoA@i@Bo@Jq@@i@PcBRa@f@yAPyAb@kBVsBTm@RaBXiAL_AJcBH_@Rs@LWRcAHw@\s@Xc@VaBVs@`@Wd@El@NVLbAZ^H
"Austin, TX",969396,5/8/20 0:50,1467,5/9/20 3:56,257,122,mwrwDnensQFi@ASU]MMIOGg@Ck@Fo@`@aC?}@Dg@EKw@q@QGq@SeBSSGGOCUAw@Gg@W[[Wm@YO_@CcAKQi@SiAk@yBe@UK]Um@UEq@B{@VkADe@`@oBDg@Ay@@UDMTYLCr@NX@HEFOJc@EwAMuAOgAIuAGsDBcBGOKI}Au@GGEOGc@@_ADqAKa@B[XCN?f@L~CHTF`@@x@HnCFpAR`@Lp@\d@`@d@hAV^NNd@V`@L|AP^LvAxAp@x@~A~@ZTb@RNBP?tAE`@Df@TTNX\Rp@JvAT|ACz@@h@P|AAN_AnDo@hAO`@Ox@Et@Q~@o@xA[lA[r@GPAd@
"Austin, TX",1261690,5/8/20 0:50,2612,5/9/20 3:56,51,32,qntwDhersQ~DfAlDpAbCn@v@Pb@NjAPjDbAxBb@~@\dBd@PFZDz@\rBf@fA^pCl@~GhB`@F~C~@bA`@rCv@
"Austin, TX",4230393,5/8/20 0:51,920,5/9/20 3:56,64,40,ipvwDllqsQEf@DRRPFPNB@DPFFHXBNCJ@RCLDN?^FD@BHHDXBRAXHf@FVJ^Db@NDAn@JjBHTHp@PXLTRH\HJz@Lf@DR?
"Austin, TX",1482921,5/8/20 0:51,1451,5/9/20 3:57,237,94,ayswD`opsQr@qALMf@_@v@iAp@o@fAgC\yAd@s@VUPm@@SRs@N[Po@d@sBL{@x@gDTi@XgA~@gBLa@Ve@\_Ah@_CTmA@yAZeA`AaCV{@b@{CR_@\c@j@eAV{@Jm@Oi@_@m@Ik@?i@B]b@sBBmADe@O_@s@i@o@UmAQi@Ei@I]_@OUc@Ku@NWCKa@BQ^{A\}AK_@_Bk@_@QoDcAs@[Cc@FgAJm@L_@HaA\aBAm@DeAJUC_@EEmAaA@F
"Austin, TX",3394589,5/8/20 0:51,2372,5/9/20 7:54,19,7,w~xwDttrsQ|AyH
"Austin, TX",1456824,5/8/20 0:51,654,5/9/20 7:54,80,42,_vzwDtuosQlAkAh@a@|@k@h@Kb@Ch@@
"Austin, TX",7050079,5/8/20 0:51,569,5/9/20 7:55,56,24,wfuwDhwysQm@o@EM]_@UOQWOg@c@o@IWGc@Oc@Oo@[aC[oA?SIc@O]Ga@KSOk@w@kBUgAG{@EEIUIs@Oo@Go@G]a@m@K}@ISQ_A@YIe@Uw@Ga@GaAWoAC]Cw@Gc@I_@Is@SeA@aAOgD?WCUAk@Ec@
"Austin, TX",1456781,5/8/20 0:52,2469,5/9/20 7:55,37,18,od|wDhiysQj@yARs@pB}Fr@iB~AcFt@uBj@oAZy@n@iBJa@fBwETy@\u@fBcFhAmCRm@JMnCuH
"Austin, TX",2559848,5/8/20 0:52,597,5/9/20 7:55,59,24,q`uwDhsysQCR_@bAMTe@ZOFi@@UBQAUGc@a@[e@OIUU[Sc@g@MSQo@KQe@yBKWMM
"Austin, TX",2371096,5/8/20 0:52,531,5/9/20 7:56,56,24,_~uwDbkwsQf@xHFfBAx@P~@R|AFTBf@@l@TnBB~@Nr@Fx@FZCV^x@H`@Rb@HTFh@Pr@Ff@V|@ADPtANd@@Jj@dBjCtKLx@BXNx@D?x@|Al@x@h@d@R\^RXERB`@GXQNO\i@J[JQJ]RM^I\OX@PN~A~@XZXTTXTNTHJJ~@jATRFPBd@HV
"Austin, TX",3077607,5/8/20 0:52,643,5/9/20 7:56,77,34,_sywDx`xsQdEsCx@e@pAkAp@_@nA{@r@c@\[^UhBaBh@]d@e@bBuBb@o@XYpAsBN]RWb@aARGn@`@VJ^BpC[b@K~@a@^YxAsB
"Austin, TX",15175391,5/8/20 0:52,1728,5/9/20 7:56,88,53,uqcxDpsrsQN?ZMVOhAg@JIXc@Z]R_@LWFc@BEHMRKPMPUZg@Lc@X[FWLM
"Austin, TX",13474606,5/8/20 0:53,1558,5/9/20 7:57,36,25,_b_xDvlosQNId@wAVi@Ni@r@{AzAcEV}@h@gANWp@wBVi@b@mAHK~B{GlDgJJm@@Y
"Austin, TX",6096888,5/8/20 0:53,1521,5/9/20 7:57,41,26,cshxDdrqsQz@\zAd@zEdBxAl@`@RpBr@|@d@xBp@bA`@fCx@jBr@tCnAtA`@zAh@dAXlBv@fDnA`C~@hEtAMIjFvBlA`@hAd@XFhC`A
"Austin, TX",11257553,5/8/20 0:53,1453,5/9/20 7:57,20,10,}j`xDd_rsQ\yAd@wAl@mA|@uBf@sA|BmFhAwC
"Austin, TX",1060153,5/8/20 0:53,654,5/9/20 7:58,73,41,yi{wDbgysQfFmDzFkEvHcFj@i@~@c@t@i@tA}@lHiFzCkBvAaAPKTGfAw@
"Austin, TX",1755479,5/8/20 0:55,1160,5/9/20 7:59,36,9,soywDpgqsQQ?QR[@s@Si@KSAw@UWJOAGK[Os@m@_@`@KVe@Kk@NM?OIKMe@Ek@KiAa@s@ASB[v@oAG_@Ou@Uw@E
"Austin, TX",14035744,5/8/20 0:56,1683,5/9/20 7:59,24,14,qkrwDvinsQv@iCH_@TaDLaDIkBMiBDaBJQt@u@z@o@T_@l@cBp@aBJe@FmAHg@Pc@n@gAbAuD?[MgBCiBSyDG[IQm@k@KGw@Q[@oAHOAQGsCcBuA}Aw@q@c@OeAIa@Ka@Ua@YWWKY
"Austin, TX",8612754,5/8/20 0:59,1533,5/9/20 7:59,31,18,ar_xDthpsQNc@~@}B`AmBPe@t@{AFCx@IjBqEj@iAr@kA
"Austin, TX",7180395,5/8/20 1:00,519,5/9/20 8:00,63,32,sq|wDpursQPTVPb@Fr@Yp@_@ZLXGr@?l@G~@?r@_@V]XWbA_@v@g@`@SfBwAXM`A_@j@IlAi@\Eh@@ZLZXHTFb@NrCL|AGp@DVBbBVnCr@|@z@t@\T|@d@n@l@j@b@lAb@f@d@`@LZP^J`@NXVhAp@
"Austin, TX",3244308,5/8/20 1:02,1615,5/9/20 8:00,82,46,ymzwDfgpsQ`@@TCX@v@NTLjAKjADdAJz@@r@Cd@FdEL
"Austin, TX",1789973,5/8/20 1:03,3039,5/9/20 8:01,52,33,{evwDfqusQXOBKIYy@aBgAcDqAuCUeAc@cAEi@Hk@\cAj@qBVuALk@Zo@~@sCd@uAh@aAVeADc@r@kAv@iBJa@VqB|@s@\QBCD[YoAOsADuA?yAHk@`@qAn@cAP_@Lm@LwAbC}I
"Denver, CO",2451250,5/8/20 1:04,2015,5/9/20 8:01,305,215,o{qqFtzz_S\^dAG`@MbA@vAGl@?ZG\Al@?r@KpBw@l@OFJ
"Denver, CO",5911044,5/8/20 1:04,2441,5/9/20 8:01,556,405,orgqFxpu_SJEPKNSHSL_CEkAMkA@eBIoABm@C{@Dy@G[U_@GYAc@B{@Xk@Ja@Bs@Ia@
"Denver, CO",5911060,5/8/20 1:04,2386,5/9/20 8:02,520,380,sfjqFrwt_SSP[rAMJYJKHKRCL?^D`@BhBNx@?VNf@Fj@?tABx@It@L|@LP
"Denver, CO",5651126,5/8/20 1:05,1738,5/9/20 8:02,252,174,oisqFvh|_SNENOn@iAPSP_@Pg@JOVURa@j@s@XUBMPQ\s@HMZOROHYRWJYB]HOXYHEZEJILUH]`@Ub@y@PM`@i@Zo@Zc@NMDIDYZu@PSVMDEVe@`@cAPUVUJORQXMRO\ODCTE\Qp@i@l@Ud@EVGTCPITYNKv@MZONS?IHYDCH?LKBG@K
"Denver, CO",5911041,5/8/20 1:05,2422,5/9/20 8:02,547,396,mhjqFjpu_S\Jl@FjAMZDjAVb@Fd@?VDr@Ed@B`@A^FZKXCpAFd@?ZDNE`ADf@GhAF`@IZ@r@KV?NCj@Aj@Mv@Hj@?~@Jd@Cl@Ft@C`@D`@Gf@AdADt@EhAHv@Ed@PRBJAj@SJAh@?`@B`ANPApADv@En@?tBIdBDL@d@NLADBh@Ih@CbBk@
"Denver, CO",6065189,5/8/20 1:05,1801,5/9/20 8:03,268,193,eqqqFtxz_Si@JgC?c@D]Rs@Iq@QSD@LXd@KHi@Cc@LmAJ_AXc@HiAZWDWJ_@FUJg@T]Pm@h@eAtA[\_@h@Q^Wb@m@f@g@j@@P@G
"Denver, CO",5667928,5/8/20 1:05,1906,5/9/20 8:03,386,279,mphqF~qu_ShADf@K`BMfANnAFj@AxGCxBTlAA`@Ob@W^]Tq@?_BGgC?_BAs@G}@CaEYaAGq@?w@^iBCk@W_@c@SeBMoABa@FIJAFKjDCFSRmA@uAEuBCuALcAOaBAeEBaECsABc@DcA?m@EqA@cCAg@ByAAkA@
"Denver, CO",806514,5/8/20 1:05,1528,5/9/20 8:03,218,145,g`qqFltz_Sj@Of@A\e@d@e@t@YVQXKJK|@IPMPWPOz@i@t@Yb@i@@Gd@_@r@c@`@KTWVIh@c@^SNKdAe@\c@r@a@BAHBNE`@RM_@DMTURMNQt@o@l@_@\[RK\]dAg@LS^M\[p@a@
"Denver, CO",5665768,5/8/20 1:05,1663,5/9/20 8:04,351,259,iliqFzut_SUCqABcAx@i@MeAc@e@G[AgAAo@DuBEa@H_AEiAFc@Ji@RY\ITG^MZUPORM^MnAFr@Nn@RnEE~AHdBJb@RTxAG\@xAZ~@J|ADf@GbFEjAJnE@~CM`@MZ?vBNf@@`CEn@Br@Gv@Bl@AfABLDz@@bAD
"Denver, CO",4243033,5/8/20 1:06,1428,5/9/20 8:04,279,197,}hjqF`nu_SJn@P\TNRBnAK|AX~ANb@?l@GbA@z@CfAHfE?|@Hd@KpAEv@?^Ed@A\ULAlBNb@@^AXMDY@o@BKHCfBFnBh@dARdALbAFNTTH~B]d@DdATb@@jA?dAEnA?hACnA@z@LpBC\Iz@g@NMTc@@wBE{A?qDGeC?eBCg@UeAIq@@e@f@yABe@Ia@Wa@YOyAC_CBKFGHGd@IvA?|@WRE@}BAa@DgA?_ACa@Ja@Ag@K]Aa@BgBAY@_EEyGBaBCkAB_@CmC@e@AcABc@EY@[Am@Dq@p@UDw@]e@Oa@Ka@AaF?o@L{@IW?qAPa@J[NWZOh@Qb@c@\Ob@Ep@@f@Bf@TvABh@HvAAj@@|A
"Denver, CO",5784244,5/8/20 1:06,1401,5/9/20 8:04,335,244,}snqFpzs_SKGU[WSYOQEo@@_@HO?MCW?u@Tm@Lm@Bg@CYE]MoAY
"Denver, CO",1606595,5/8/20 1:06,1055,5/9/20 8:05,194,143,{pgqFbpu_SWq@J?Hc@EKDc@DHOAK_AHg@CEKiATe@@UFc@QYFWCQLKMMW{@Hc@Au@Jg@?VEe@@WH]NCHe@G]D_@Ay@@}@Ce@COMGm@CeA@e@CcA?s@DODEJCT?hAEf@Aj@QTK?YEm@BcA?yAFq@A_@BUHK@s@MoA?{@Eg@FU@}BEY?]Di@@uEEs@Bw@?mAGeA?a@DmA@cBAkAB}@?M?KDc@h@SHU?SGi@Yg@I_@OOA]BmBMwAAwB@oBPOD[RY\GPEb@GTk@`@INENChB@TRv@Bj@@h@Df@D~AHhA?`AJf@FP^VF@|@In@AxA^v@FzACb@B`@?`@Dj@Kb@DP?\Cd@BbABp@Ad@BpCI^@n@Gh@?ZBLGHMP?d@HjBJZI`@ApANhAHzAE`AKbA@p@OLDLHb@Dd@IzAEv@\b@Df@A`A?`@Ev@Br@APA`@SRAd@BPFb@B`@N`@AtAFlAC
"Denver, CO",5119618,5/8/20 1:06,1033,5/9/20 8:17,169,120,}{hqFpqu_Sj@B`AKjADv@ErBJVCRNJ@`@Aj@O`AKnALn@Hp@BnA@rBKz@B^CfAFl@NRBb@?~@Gp@Yl@i@FMH_@@aBGuAA}@HsA@m@Em@EqA?y@Bs@EWSo@Kg@BO@q@BOTg@PkAEe@KUOO_@K[@c@CaA?WCu@BQFEDCLE|BE^IXYNmAGWAa@HWCk@CeADa@Ai@J}@Kc@?[B]Ae@Fq@?c@GkB@SCyA?aAFo@CQBaADw@IcAFiACoBDuCIY?GBK@eAEg@JOPW^]Be@_@MGkAYMAiAB_BM{@Ac@Ba@NK@y@MsABYDKDq@f@O\Ch@GNIH]DONK`@GlBDXTl@DX@fAJpA?~BFfALp@FLJHb@FVC\B`@Ed@HVLn@PzAHp@AbA@r@E^?d@Hr@Cb@D^Et@CTCnADhEOl@HTCLUDEF?v@Dl@H\?ZBh@A
"Denver, CO",1136749,5/8/20 1:06,962,5/9/20 8:17,165,116,_pgqFl|t_SSEOMAQBS@w@GoADs@Cs@?WFU?SGOMMSe@OCm@DOTa@Oc@@YIcAHa@RGPBjAFl@Gp@ONc@?WBa@@QC_AF]@OEi@GSIc@IO?_@Hy@Ei@D_@Ae@GkCHi@GwBNe@KsABm@CaAHYAUBg@Ae@De@IM?{@@sAAQD_ABQA_@IoABy@Lg@@QFU^QJQ@YW{@S_@Oa@?Q@[IUAg@F]Ce@FQA]Ic@FQ?u@Mu@@]Fq@GyADi@IMRERAVBX?XCVL|A@n@CVIVHjACvAJd@?TG|@Dv@Mx@LlADjAPLRHRC`@Wt@K`@CNEFGn@Bx@JdADt@XN@d@Gt@@lBGr@BtA@~@Id@@TC\?LBLFP?f@KN?d@GP@d@Jx@?LARKRE`@Hf@CV?\Fz@Mp@D\EP?^Fz@HN?XKLAv@LR?b@IR?h@H`@C`ALLA^Od@Kf@?t@XNBp@A^DNCNIf@KP?`@Ll@FP?r@Qb@Bd@J^C`@@d@Lr@BhACf@ENC\MFM@UQYCUCaAGc@\qI?q@ECAKFU@m@
"Denver, CO",5667731,5/8/20 1:06,927,5/9/20 8:17,152,109,iliqFzut_SUCqABcAx@i@MeAc@e@G[AgAAo@DuBEa@H_AEiAFc@Ji@RY\ITG^MZUPORM^MnAFr@Nn@RnEE~AHdBJb@RTxAG\@xAZ~@J|ADf@GbFEjAJnE@~CM`@MZ?vBNf@@`CEn@Br@Gv@Bl@AfABLDz@@bADf@K`BMfANnAFj@AxGCpBTj@?h@A`@Ob@Wb@c@Pk@@q@Am@GgC?_BA}@Gs@CaEYaAGq@?w@^iBCk@W_@c@S_AIq@CcABa@FIJAFKjDCFSRmA@uAEuBCuALcAOaBAeEBaECsABc@DcA?m@EqA@cCAg@ByAAkA@
"Denver, CO",5617703,5/8/20 1:07,860,5/9/20 8:18,159,116,uiqqFj}}_SeAUc@U[Yc@Wo@QoAg@a@G}@C{A?g@CcAMc@Ms@@g@Dm@?a@CiB[mAKWA{B?m@G[Wc@Uk@Wa@YWYi@eBsAgByByDu@oAcAgA{@oA[g@o@sA_@o@sBiC_@Y
"Denver, CO",944290,5/8/20 1:07,718,5/9/20 8:18,117,69,qsgqFh~baSLFPBPJP^V\Nb@HvA?\GhBM^QR`@@XL\V`AdAXh@LLPL^Hp@D
"Denver, CO",1491100,5/8/20 1:07,688,5/9/20 8:18,138,103,eisqFbu|_S^VRRdA|Aj@r@|@xAfBpCPRf@b@PTlCtElAfBNh@NlATh@RTp@f@`@LdANzED|@Jn@NjALn@@x@Gl@Ab@Nb@FtABlB?b@BfCl@`@N
"Denver, CO",1221613,5/8/20 1:07,1170,5/9/20 8:19,227,138,}klqFvpu_Sp@EK@|@?d@B^AnA?fADE?vCGjADd@Dj@KID
"Denver, CO",4631741,5/8/20 1:07,733,5/9/20 8:19,73,41,y{wqFtmfaSUPe@J_C~@_ATuDpCGd@]Xa@f@{@l@QXYv@O|CBj@?tABJKbAw@~Ak@d@CFYPYXu@h@ELWRYhAMT
"Denver, CO",1981561,5/8/20 1:07,727,5/9/20 8:19,102,53,oyxqFpn`aSSHSR]NWRUH[XGL[Ty@`Am@TWTc@|@Wz@Wf@QXi@j@GTC@W_@EA@TKA]c@Ye@OQk@_@SCm@Aq@DY?MHS\QDe@MWNUH{@DSL
"Denver, CO",5617729,5/8/20 1:08,1127,5/9/20 8:20,203,145,elsqF`x|_S`CbEx@jAX\Vh@|@tA^h@b@ZVZ`CzDvAjCjBvC`@b@p@l@r@d@jARjBNZE`AArFV^?pAJdBFlB@`BHzBVh@BfAV
"Denver, CO",1716079,5/8/20 1:08,624,5/9/20 8:20,92,52,aejqFhgo_SFoB?m@JoA@_ADs@EoCFy@Jm@Pk@h@sDLk@T_@Hq@Rw@P]j@sAN}@h@_BN_@\o@Ri@
"Denver, CO",3613241,5/8/20 1:08,822,5/9/20 8:21,87,51,ewxqF|ugaSXoB?OHc@EOHIN]f@]t@_AD?VYLC\m@JM\s@DKFCJUCYBe@?BCmAF]?m@Pe@BU?YFa@TU\w@`@]b@e@?GJUX]xAmAXYJYPCNKb@JVGpAo@z@i@T?
"Denver, CO",4849206,5/8/20 1:08,763,5/9/20 8:21,165,116,_crqFrgo_S^@`BGf@@`@Kb@CfAH\HhAIf@Hf@CnB?`@CTU
"Denver, CO",1307506,5/8/20 1:08,524,5/9/20 8:21,83,52,iteqFnedaSLGPDJb@HRAg@c@cAEUEa@@c@Fq@C]VoBd@yBP[RWPKFA@@[j@Sl@ANBREV?RJn@DIFk@Vo@d@m@LGJ@WXM^Gf@@\ARBXZ`Ad@h@Xp@@z@G\Qd@?VNYp@{@Tc@D]EUBALLBN@x@CNHEJOHQIoAYa@?QEGKo@LSIw@FMLEZWTC
"Denver, CO",2324759,5/8/20 1:08,572,5/9/20 8:22,91,56,y~fqFzpx`SAFQAGEMCk@UC?BVV`AJNl@\VXr@f@LNHRBT?d@DPFLf@ZLBJ?VMn@M^[HDR\RZFNBPEf@Ob@O^CNLbBBxBF`@APGPBLjADFBJX
"Denver, CO",1512164,5/8/20 1:09,662,5/9/20 8:22,144,108,ywoqFrzs_SUI]I[CWLk@h@q@^_@r@Gb@AXHlCIbACzBJpA@ZM`B?n@D\Ap@d@N\AVER?v@Fn@Wt@BZATFTJTBjA?nACpABREhACr@BbAE\?b@FZ@d@Eh@Ab@Bb@Gf@_@t@[^C`@?PHRPR^LPRBLG\c@LKn@}AJc@?a@Ee@Wy@c@oBD_@Na@h@k@HiB@YIu@@SEsAG[EMWWWOYG_AE]?mBJw@VGDWEQHeAWu@[q@GQ?UE}AJWFYNu@Ps@JY?YKSOKQUEWAWPg@d@WP_ATQM
"Denver, CO",4554649,5/8/20 1:09,651,5/9/20 8:22,137,105,qunqF~tt_SHORUTk@Jo@Dw@Eo@Oo@o@yBA[HYXk@V_@D}@E_DGm@Mm@_@Yc@EoA@e@DoA?]Nk@Hi@?u@Q]Ag@MmAEmALoA\aADs@ISSk@Ig@@_@Xg@RQDQ?k@FQCw@Wi@BcAz@e@V[b@Kn@@v@FbAFh@E^?pBDn@Nr@AVMj@AVa@xACh@@RX`@lAC`@Gd@A`@SpAOd@TpARj@Ch@Id@@b@DnAGb@BnAG~@KdAJv@K^@ND\Ez@g@^Mj@C`@?XBh@\`@d@d@FZY
"Denver, CO",2847861,5/8/20 1:09,598,5/9/20 8:23,98,64,{pxqFf_`aSYNu@~@gAFUNa@~@SlAK@g@TMCOFMpBWNITMPfDQs@b@H@
"Denver, CO",1072919,5/8/20 1:09,554,5/9/20 8:23,71,43,itiqFnu}`Sm@NUBSGNHX?dBe@\C\JZ^Rf@Zb@PPh@PVZ?j@a@x@Ib@?`@Dj@TpAXrApApEHf@\~DJn@J^v@nBLrAVpE?ZHv@TpATd@T^p@v@p@n@TXPZb@fAT`@RXp@n@ZPfAXZN\T\PpAXxBP`@HXL\Xj@t@VLJM?EGi@Ag@D{AJm@RWNI
"Denver, CO",2497056,5/8/20 1:09,600,5/9/20 8:23,121,71,sv}pFteo_S]aCEs@`@kDL}BH]RUHA\B\@\C^Ml@e@t@}@z@wAXi@Pe@Lk@j@}FA]Kg@Qk@q@aAWo@?a@DKb@Wp@QbAk@r@[t@c@VSXKVHH`@MnCFd@XhAp@fB~@pETp@
"Denver, CO",1072901,5/8/20 1:10,556,5/9/20 8:24,77,48,sghqFfw_aSLc@\_@QLWZG`@GlBFz@?ZOFOKu@_Ae@[g@OWEeBO{@M{@[m@a@YKUGcAe@i@c@OQc@{@_@eAKOmCyCYm@Oq@Ew@KkCKmAC_AMmAKe@c@cA]mAIs@MeBS_BYuA}@{Ci@yCAS@u@DU\u@DQA_@CEQIu@QWYs@sAOKOGWAk@J_AVUBSGB?
"Denver, CO",3254740,5/8/20 1:10,645,5/9/20 8:24,93,48,{yvqF`_faSLm@BuAIgBYyA]gAGQOGQ{@Co@h@gCCYGMiAkA?s@LUXYR{@T]TOFMXgA?_BKe@EYCCPKFUPG?MJCPUFm@CMCa@?a@Ja@Ca@Bw@PQCKNqAXo@Ci@BQFgCCULs@BKFITm@XUJa@PYNw@?U`@q@LMPe@EyAKe@GIIw@?eBCiAO_AYw@g@cA]_Ae@}AFU?_ASs@]B]CUYmAm@K?UMqCYOKFoBYuA]{B]gB]gAe@e@k@UwBM_AO_ATaAt@u@z@aAlAa@TgAMQKCMe@m@iAo@yAi@_AYaBtA
"Denver, CO",2597999,5/8/20 1:10,645,5/9/20 8:24,134,100,gbpqFttt_Sj@GL@JBTPFPNB`A?hAKV@b@Et@D\RZMLCrBHfAG^BXCNBj@Il@@JBv@?\ClA@JC|@Ad@Dn@Qd@YXKNEN?PCRAd@GP?LHRb@XVL@JEXWNIh@aAPg@F_A?USmAWg@Ic@@i@Xc@BQCKAQFq@Ae@DiBCk@Y{@Kg@GIk@S{AEk@G]@_@LK?UCYDQKc@K_BCKEk@EgADoAGS@a@LSNs@J[GOEGI@ESGgCr@Q@w@N[COEOKSEs@C{@p@aAf@MRM`@ETAXBlADn@@l@AH[fAHr@@ZCh@@bACh@BNA|@Id@WNa@F
"Denver, CO",1549720,5/8/20 1:10,515,5/9/20 8:25,89,66,mgtqFbr|_SYTMDQROX{@rBu@r@{BpC
"Denver, CO",2102947,5/8/20 1:11,505,5/9/20 8:25,100,68,woqqFvzo_SItAExAGh@[fAKp@KrAM|CCnB@xBF`AA^E^Wx@OhAS`Ac@`BQb@
"Denver, CO",1389672,5/8/20 1:11,604,5/9/20 8:25,76,46,kpqqFf`b`S_@k@MIs@O_@FeBf@i@Xe@^k@z@o@jAa@p@cBjDGRKz@]bAOl@KnAw@tBGf@Ed@SfACnACPSp@Ib@EpAIXIJKHMB_@?i@a@w@Ok@Am@NaAh@g@RMJkBbAqA|@{BdAi@Ps@d@u@\YRWX]f@O^St@KpAAlA@z@Dd@VhAT^d@d@FLBPE|@@PDTv@~@P`@Hj@Bz@ClAKpAS|AYp@Kf@Cf@Bx@L|@Xr@h@~@VTNF~@LpAI~@ALBZL|@VDAbABnAJ`BM\?dBQN?\Jp@?pAWRGn@[\KbA@LCh@k@t@qAT]j@c@V]vAyAT]p@qAXoABi@KoAO{@QkA?{@EWGSS_@c@cAUkASq@i@}@g@mAKg@Ee@?SL_AdAqBl@}@P_@Lg@Hg@VqEP}@\eABg@Cc@?k@BoCDcBPgBVkBHkBJe@HQJMFU@W@m@CsASiBQm@
"Denver, CO",4452523,5/8/20 1:12,512,5/9/20 8:26,58,34,{agqF~ox`SD@C@@@FZEtAFn@FPJNJ\OBc@K{BKWKIOMk@@WCYMfA?jAFb@LV
"Denver, CO",1777588,5/8/20 1:12,617,5/9/20 8:26,42,27,{siqFxnu_Sd@u@PSXO`@Gz@Cv@@rAXfA\|A\~@D~EQ^FhBh@zAZx@JV@ZGb@AfD]hAClBBXBrA@XCtAW|@GZK~@EbBWVIXUV_@Tu@N_AHsADeA@e@?_AKqAQkA]iAQUm@e@[MYGS@E@e@b@k@`AWt@_@b@UNQJ}@LY?q@A[CyBq@eAWUKs@O[AyABeBPoBHu@?o@Eq@IcC]YKwCWsA?eAF}APwAZU?g@Ge@MyAq@[ASCsBA}ADg@FUHYL}@t@Sf@MdAEhASdAYbAi@fAI\_@x@Y~@Ab@JXj@p@RLlBn@^HjCTt@Cv@BtAWr@c@h@q@
"Denver, CO",2503067,5/8/20 1:14,600,5/9/20 8:26,40,28,cqgqF`vt_Sk@CODk@XUOWW]Qe@@YHYb@SfAc@hA_@Vc@Re@P]FsACy@Q_Ae@yAc@qAUa@C_BDm@FkA@iAFaAAi@GaABwAM]Ks@K_AUa@Ge@BYA{ADq@FkBb@a@Bk@CWEaAa@k@O_AOsA?i@C}BBu@TUP[`@Sj@Mt@GJ?^Fb@An@c@bAKv@o@nAy@`CCf@VZXLTFXL~@Xf@T^DxAEr@Lv@TRCn@@\AJGTU\c@^[\SRWJUJIXQXI`@BnBVDCJ?t@\T@`@H|@Dn@?ZCx@?lAF|@NnBh@~@Px@HbADxCQnAFjAK`ABnCRx@GnAUhBOzACl@G\IXUf@m@R_@JYV_ALo@?qAD]@k@AeACk@[wAe@{A
"Denver, CO",3999478,5/8/20 1:14,660,5/9/20 8:27,111,70,y|xqFph`aSB`@XLL?CQJBd@CBd@a@f@{@p@?LH?FMFBP?NDPM`@Ch@QOP]h@
"Denver, CO",1764828,5/8/20 1:15,616,5/9/20 8:27,86,60,scsqFzae`SFDZHTEd@i@VDXRf@Nn@?~@I~@?\Fx@V^Fz@D`@J\D^A^ItAEVEbAI\?x@F^CVIv@c@t@Y`@Ip@Ip@B\i@l@oAl@_@tBuBf@s@\}@RcAFkAIeASyACaAKcAg@u@]w@c@yBg@y@c@eAYwAEe@Di@F]L[bBgCPa@Ja@ReA@wBNeBJe@Zw@F]CwABaBDqBN_CXsBHiAPaA^{@De@CoBEi@OkAm@o@_@UUK]E_B`@WNYTm@n@i@z@{@zAeBrDKZOz@MZ_@|AUhBI^_@fAMbAO~@EdAEV[dAAfAEd@SX]FY@_Ae@]GWAi@@WFa@NcBz@qAj@[P]\{CzAeAn@u@j@a@H]RURU\Q`@Wt@MPOpCLjBN|@Zp@LLNJXJVB^?NVE`@UfA@`@b@fBLbBSnBWhBa@`ACdA@n@ON_@VOXI^@f@Jd@
"Denver, CO",5384435,5/8/20 1:17,618,5/9/20 8:27,122,88,_xrqFj|r_SOa@?ULgAAQMm@OsAMo@AcAGeAOsAEcAQmBGiEEs@@y@GoCD_A?iA?cCCy@BeDIsADs@H_GIyDBmAAeA@kA?q@DeB?mBGq@DeBKoA?QF{E@mDNwBFo@H_@@Q?gCCo@
"Denver, CO",3571141,5/8/20 1:18,879,5/9/20 8:28,219,133,i{rqFdfp_SCZ@ZGX@PHXGX@j@E`@A\DX@p@Ah@Bn@C\B^AtAG|@@x@Et@BNAZF|@BdACd@OdAGrAV~BG~@Hv@@r@KpA?R@TAb@Ft@D`AKvA?vBBX
"Denver, CO",2544671,5/8/20 1:19,673,5/9/20 8:28,139,65,we|pFhsm_SMTF^|BvC^l@h@t@VPd@v@HZHj@@VG`@S`@UX_@V[Ja@H]BYAmCKa@@e@H{@h@eCtBgBnAUDUBq@KkBs@UO
"Washington, DC",3436109,5/8/20 23:48,1465,5/9/20 8:28,153,75,}}ilFxvguM`AeBv@oAr@u@rFsGfCmD~@eAVc@t@cAXe@Z]v@kA\c@nFoIxBiE
"Washington, DC",4772607,5/8/20 23:48,2033,5/9/20 8:29,249,145,owjlFpgduMB]EiE@o@C}BK{BFuCCsBBi@AyDIaC@a@CiAE_@AgBKuAHwCA}BC_@@{A
"Washington, DC",5792801,5/8/20 23:48,2187,5/9/20 8:29,286,175,cyjlF|fbuMAIAo@BKAmABk@@oACIBM?WE}@Be@EOAU@_A@SGsB@QFI?UCIGCCGBG
"Washington, DC",2539276,5/8/20 23:48,3110,5/9/20 8:30,349,222,{tjlFxbfuMBfFBh@?zFDjDAn@@xDDvB?bI
"Washington, DC",5946689,5/8/20 23:49,2552,5/9/20 8:30,371,188,oeklFb{huMa@NY?k@Ls@r@cB`Aa@XwAf@u@Ne@FiA@iA@qACW@q@C}B@{@Ky@EoCGc@BkDl@s@NeAZ_A^
"Washington, DC",3854597,5/8/20 23:49,2972,5/9/20 8:30,344,222,_njlF|mguMAe@De@EuC?{CK_IAmBD_FGaADmAE}D@]
"Washington, DC",3714146,5/8/20 23:49,1553,5/9/20 8:31,223,112,i}ilFpoiuMYgAk@sCuCsKs@aD_BoGa@iAWmAOg@
"Washington, DC",2142569,5/8/20 23:49,1782,5/9/20 8:31,269,150,oyllFfykuM{LsE{CcAeDqA
"Washington, DC",9902787,5/8/20 23:49,2809,5/9/20 8:31,431,236,_yllFdfiuMAJBFZ?TKl@Mf@]VGr@KTIVC\IVEL@NI`@Ib@QjAEZG`@?^LTDd@IVHVAd@JLCZ@f@C~@Nr@Gf@@VAN@x@ARB^?h@DLCPA^EVKd@MjAc@lBgATI\i@
"Washington, DC",1394677,5/8/20 23:50,2456,5/9/20 8:32,262,153,injlFj|euMNj@?POhAC`ADrAMrC@tCAbABhCAjDA`ABbCS~CLpBBlA`@|@
"Washington, DC",3340047,5/8/20 23:50,1629,5/9/20 8:32,181,104,iwjlF|ncuMJGDOAUOo@Iu@@{@Gm@AU@e@DQC}@Dy@CaB@]LsACs@@}@C]EmACEEg@M]CyBCQ?_AVLCqBEg@LmBMwA?oAQeA@SL]@_AEuB?UJi@?SES?}@Es@AWMi@?o@Cs@@u@I_BCwA?WBY
"Washington, DC",2212730,5/8/20 23:50,1361,5/9/20 8:32,238,137,_nnlFlahuMFCDBRb@?hAC`CBl@D^J\Nb@l@xAX`@nBpBt@b@ZL`Cz@`DlAnAf@zAt@XHb@VZZVNRFP?LDr@bAXFn@DhAN\Jl@VZBb@CPBFNp@Tx@n@pE@NBBD
"Washington, DC",1605212,5/8/20 23:50,2274,5/9/20 8:33,427,269,ennlFbahuMIR?jCIb@UZMM
"Washington, DC",7608263,5/8/20 23:50,2434,5/9/20 8:33,359,220,aaklFpxhuMtByA`CqCb@mATa@h@yAl@_CXQ
"Washington, DC",3950863,5/8/20 23:50,1519,5/9/20 8:33,212,107,o_jlFrliuMyAkFcAaEyDqNg@_C
"Washington, DC",3466973,5/8/20 23:51,1560,5/9/20 8:34,215,113,kkjlFnghuMf@xAh@fCb@tAt@lC^~AzAdFnAxEbA|DRj@^zA
"Washington, DC",4304353,5/8/20 23:51,2486,5/9/20 8:34,340,208,iwjlFzwcuMCTB^ANDtACrFBtACb@@R@PXzBT`AVz@?LE\w@hA]p@[pA
"Washington, DC",3950811,5/8/20 23:51,2320,5/9/20 8:34,247,151,qtjlFvmguMHiA?mABs@Ak@K{@EiB@{@AI@g@Hs@EgAAsCGeC@iADaAGqAAiCGyA
"Washington, DC",1347203,5/8/20 23:51,1957,5/9/20 8:35,214,132,sujlFjeeuMM]Ic@Cc@?a@Bc@Hc@Vo@
"Washington, DC",11165903,5/8/20 23:52,962,5/9/20 8:35,128,76,yhjlFrseuMb@{EFeET_CJiBAkAE}@c@kDEm@
"Washington, DC",8475241,5/8/20 23:52,846,5/9/20 8:36,72,38,_aklFf{guMh@ArAKpAHz@@
"Washington, DC",8427705,5/8/20 23:54,552,5/9/20 8:36,86,54,omvlFdfguMDh@Mt@KJC`@BLXOt@UXDTLj@Lh@P
"Washington, DC",6888088,5/8/20 23:54,541,5/9/20 8:36,65,21,syelFtgcuMyB|@m@^w@`@g@PcB|@_@J{Ax@_@VYJ_B`Ak@PeBz@a@Jc@\a@NgClAc@VcAz@w@`@c@b@OLUJk@d@SJeAv@oBjAgA~@QHEECKHDBBAH[\e@b@Wb@{AlAa@VOR_BzAuAlB_@Xw@z@OVi@p@O\oD~D]x@}@hAi@bAk@~@IHUDW^KVs@`AK^y@~A
"Washington, DC",6413215,5/8/20 23:55,612,5/9/20 8:37,56,17,qjslFjotuMT[|BcBr@c@`@OBG`@Ox@g@|CsA~A}@XUrAu@`@St@e@VI\IPKTIdBaAt@i@bAm@ZI~@a@RG`@Q~@q@h@[h@e@bAw@x@u@l@a@zBqBp@u@n@{@VY`AyAp@qAZc@|@cBn@_AHYz@mAvAiB\m@zBmDFMHG~@uAb@c@T]|@_Aj@a@pAiATURObA}@p@e@j@k@\QXS
"Washington, DC",5514148,5/8/20 23:55,1332,5/9/20 8:37,135,76,g~llFp_juM_@lAe@nAKd@I|@G|AGt@o@tEIjAWlAk@fBOp@Wd@Qd@k@pCWpBK`@
"Washington, DC",3383798,5/8/20 23:56,562,5/9/20 8:37,123,90,otjlFrf_uM?m@HiBCuCLe@Bu@Ga@Kc@K}AA_@DiBJaBMq@?sBOkB@_@Jy@@o@BSFO?UK{AGkCJkBEg@P]Ba@GUEgABYCqAFoFGaADgCA}CF{AM}BBwAAu@
"Washington, DC",2598844,5/8/20 23:56,1466,5/9/20 8:38,200,101,u~ilFjoiuM}@{CoBiHOo@Kk@Oe@SaASy@Uo@{@oDuAeFi@}B
"Minneapolis, MN",10075405,5/8/20 23:58,1311,5/9/20 8:38,279,149,magqGptoxPJHJDBH~@KZQt@q@p@g@`@q@NMl@AXE\D
"Minneapolis, MN",10768444,5/8/20 23:58,853,5/9/20 8:38,175,95,ohgqGhvzwPrAKnBSh@Cd@GpAGb@MxBKtB?f@Db@HnADZ?lAHf@?tBYd@M`@Qh@Ed@@bDMh@Bd@Ld@Lb@Td@P
"Minneapolis, MN",10603605,5/8/20 23:58,717,5/9/20 8:39,140,71,madqGr{ywPQNQFiARMFUB_@J[FKHYBm@Ki@OgAOu@Qk@IsA[SI]e@Ce@GSAY?{@Ek@EI]u@]UQGM?ONi@t@IXOZSTk@\_@HG?OFQ?i@CGIWMWEyAi@_AGg@QOCi@Sg@G]Kc@GSFOCe@[YKUBqAQu@Us@GI@
"Seattle, WA",8720197,5/9/20 0:55,731,5/9/20 8:39,92,51,}m|aHp`ejVGKEm@GQ_@YIY?EPSVm@DQJUFcABsAD]BIn@w@TKn@e@n@QNMBGAGEGyAcAIOIg@?OBWLc@l@e@RUTMJQ@QE]a@m@Qe@YYE[?]H]JSTSp@]NMHIPk@D[?aANy@J[R_AHYBcAE}@BcAZgBHo@@a@^_Cr@uC\k@z@qA`@GRGXS^OJId@m@ROh@QTEn@C|@IVBFC\YXa@N@XG
"Seattle, WA",8321058,5/9/20 0:55,804,5/9/20 8:39,135,98,qv}aH|eniVYTc@t@WNEDk@pAe@p@Sd@MRM^KbA?p@IlBFrAJn@f@zAHl@J`BLz@Bl@Cr@Ip@Qp@i@n@MVY^q@jA{BxCg@`ASZIXBz@PbAD^Cz@Nz@PxBVjBDLRR
"Seattle, WA",6597314,5/9/20 0:56,629,5/9/20 8:40,113,64,o_naHdakiVvFk@x@Q`@STEZCV?TLv@NlA^t@l@vAL~@^r@JTH`Az@l@Jv@^p@`@t@\v@Tv@FfDGTCRI~Aw@NOR]
"Seattle, WA",6540897,5/9/20 0:56,698,5/9/20 8:40,96,48,iggaH~nciVP_@X_@VUVEvAENELG`Ao@ZQREXAnAa@RCRB
"Seattle, WA",5872298,5/9/20 0:56,806,5/9/20 8:40,97,56,_}{aHbybjVx@e@RG\E~A}Ad@S\?^G^Kj@?n@_@|@@LDRQ
"Seattle, WA",4546325,5/9/20 0:56,588,5/9/20 8:41,106,52,}`maHzgkiVGGo@e@i@i@a@Sk@Q[@UD{@B{BKYDeDKsC?cAI]?
"Seattle, WA",2297754,5/9/20 0:57,606,5/9/20 8:41,66,43,mr{aHv_fjVn@CVELIX[JWVQPEb@[r@W|@CVC~A@LEVQJUPUHa@?GXaBN[F]Be@@gAPcBAWM[CWJUn@]^KTQ`CaCxAqB
"Seattle, WA",913713,5/9/20 0:57,1095,5/9/20 8:41,196,118,wfvaHbwriV_@Y]KsBSaAQOIa@m@_@a@k@KWAODc@XgAd@kAd@o@Po@XqAPsAHgAGu@B}@JwA?SAwBCYCw@?_AF}BGc@@u@?c@D}@DY?_@EmA@